{"USD/EUR": [0.96285, "-0.71", 0.89187, 0.97734], "USD/JPY": [157.764, "0.31", 139.578, 161.942], "USD/GBP": [0.799185, "-0.72", 0.74444, 0.81293], "USD/CAD": [1.433655, "-0.75", 1.334, 1.44611], "USD/CHF": [0.9051, "-0.34", 0.83835, 0.92225], "USD/AUD": [1.602735, "-0.38", 1.440694, 1.617547], "USD/NZD": [1.7732, "-0.43", 1.56823, 1.78827], "USD/SEK": [11.049800000000001, "-0.51", 9.86051, 11.1799], "USD/NOK": [11.29992, "-0.48", 10.24448, 11.47478], "USD/DKK": [7.181934999999999, "-0.71", 6.65092, 7.28973], "USD/MXN": [20.3375, "-1.36", 16.2477, 20.87599], "USD/BRL": [6.11395, "-1.07", 4.8315, 6.7414], "USD/CNY": [7.3223, "0.04", 7.0061, 7.3295], "USD/SGD": [1.36378, "-0.42", 1.2788, 1.5], "USD/KRW": [1462.45, "-0.4", 1216.96, 1487.04], "USD/RUB": [107.5, "-2.91", 82.73353, 114.999664], "USD/HKD": [7.7757000000000005, "-0.03", 7.71848, 7.8379], "USD/ZAR": [18.5639, "-0.92", 14.86037, 19.37943], "USD/TRY": [35.33655, "-0.0", 29.7835, 35.664], "USD/INR": [85.695, "-0.05", 77.5017, 86.0723], "USD/IDR": [16194.0, "0.06", 14210.9, 16510.2], "S&P500": [5983.4400000000005, "0.69", 4699.82, 6099.97], "DJIA": [42751.895000000004, "0.05", 37122.95, 45073.63], "NASDAQ": [19864.98, "1.24", 14560.2, 20204.58], "RUS2K": [2266.65, "-0.08", 1898.24, 2466.49], "Eurostoxx": [4986.64, "2.36", 0.0, 5121.71], "MSCI Emerging": [42.43, "0.66", 37.48, 47.44], "UK - FTSE": [8249.66, "0.31", 7404.1, 8474.4], "Germany - DAX": [20216.19, "1.56", 16345.02, 20522.82], "France - CAC": [7445.69, "2.24", 7029.91, 8259.19], "Canada - S&P/TSX": [25040.955, "-0.13", 20466.5, 25843.2], "Japan - Nikkei": [39307.05, "-1.47", 31156.12, 42426.77], "Hong Kong - Hang Seng": [19688.29, "-0.36", 14794.16, 23241.74], "South Korea - Kospi": [2488.64, "1.91", 0.0, 2896.43], "Australia - ASX": [8281.2, "0.29", 7322.0, 8514.5], "China - Shanghai Composite": [3206.92, "-0.14", 2635.09, 3674.405], "Brazil - Ibovespa": [120021.52, "1.26", 118404.0, 137469.0], "Russia - MOEX": [2222.51, "-0.19", 1681.55, 4292.68], "Belgium - Bel 20": [4284.41, "0.59", 3550.65, 4349.31], "India - BSE SENSEX": [77964.99, "-1.59", 70001.6, 85978.25], "WTI Crude": [73.345, "-0.29", 65.27, 87.67], "Brent Crude": [76.13, "-0.22", 68.69, 92.18], "Natural Gas": [3.697, "0.68", 1.481, 4.201], "Heating Oil": [2.3555, "0.01", 2.0431, 2.9735], "Gold": [2645.3999999999996, "-0.08", 1984.8, 2789.0], "Silver": [30.4575, "-0.41", 21.925, 34.835], "Copper": [4.149, "-0.3", 3.686, 5.1985], "Platinum": [931.95, "0.29", 871.4, 1084.6], "Corn": [456.5, "-0.27", 360.5, 473.25], "Sugar": [19.375, "-1.4", 17.52, 24.62], "Wheat": [550.0, "-0.59", 512.0, 746.25], "Coffee": [318.45, "-0.06", 175.55, 347.35], "Soybean": [995.75, "-0.2", 936.25, 1258.25], "Cotton": [68.685, "1.51", 65.3, 107.25], "Cocoa": [11210.5, "-0.24", 4034.0, 12931.0], "Live Cattle": [195.525, "0.17", 169.25, 196.325], "Lean Hogs": [79.7, "0.06", 68.95, 100.1], "3M": [4.19, "-0.07", 4.185, 5.348], "5Y": [4.422, "0.27", 3.282, 4.988], "10Y": [4.618, "0.48", 3.345, 4.997], "30Y": [4.838, "0.5", 3.717, 5.152], "VIX": [16.04, "-0.56", 15.53, 35.05], "Dollar IDX": [108.28, "-0.62", 100.16, 109.53], "DJ Real Estate IDX": [353.71, "-1.34", 353.43, 359.79], "S&P GSCI Commodity IDX": [555.82, "0.39", 502.45, 606.81], "Bitcoin": [102143.7, "3.77", 38521.895, 108268.445], "AAPL": [245.0, "0.67", 164.08, 260.1], "AMZN": [227.61, "1.53", 146.15, 233.0], "MSFT": [427.85, "1.06", 369.01, 468.35], "GOOG": [197.96, "2.5", 131.55, 202.88], "FB": [5975.38, "0.55", 0.0, 0.0], "JPM": [240.85, "-0.49", 164.3, 254.31], "XOM": [107.74, "-0.11", 95.77, 126.34], "MCD": [292.18, "-0.88", 243.53, 317.9], "WMT": [91.43, "0.72", 52.226665, 96.18], "Technology": [238.87, "1.32", 184.86, 241.88], "Financials": [48.510000000000005, "-0.16", 36.95, 51.62], "Healthcare": [138.925, "-0.03", 135.95, 159.64], "Industrials": [132.805, "0.06", 109.95, 144.51], "Consumer Discretionary": [226.76, "0.39", 166.48, 240.28], "Consumer Staples": [77.50999999999999, "-1.05", 71.56, 84.53], "Energy": [87.14, "-0.38", 78.98, 98.97], "Utilities": [76.295, "-1.02", 59.14, 83.41], "Real Estate": [40.510000000000005, "-0.81", 35.57, 45.58], "Materials": [83.82499999999999, "0.76", 80.74, 97.87], "Telecom": [108.93, "-0.13", 67.08, 112.26], "SPY": [595.36, "0.58", 468.3, 609.07], "VB": [243.83999999999997, "0.14", 202.66, 263.35], "VWO": [44.269999999999996, "0.29", 38.83, 49.57], "VPL": [70.72, "-1.22", 67.57, 79.75], "VGK": [64.35, "1.42", 61.4, 72.08], "VNQ": [88.28, "-1.31", 78.27, 99.58], "ARLP": [26.28, "-1.09", 18.32, 29.44], "OGN": [15.48, "0.26", 13.87, 23.1]}