{"5Y": [1.98, "-0.2"], "DJ Real Estate IDX": [323.5, "0.68"], "Natural Gas": [3.153, "0.606"], "Eurostoxx": [3658.77, "-0.64"], "AAPL": [174.81, "0.32"], "FTSE": [7513.11, "-0.65"], "Sugar": [14.68, "0.82"], "USD/KRW": [1112.39, "-0.07"], "USD/JPY": [113.99, "0.2"], "DJIA": [23478.0, "-0.04"], "3M": [1.19, "2.59"], "CAC": [5480.64, "-0.48"], "Live Cattle": [124.75, "-0.46"], "USD/RUB": [59.3229, "1.8436"], "30Y": [2.77, "-1.0"], "Coffee": [124.7, "-0.68"], "Lean Hogs": [74.62, "-1.29"], "Dollar IDX": [94.915, "0.167"], "WTI Crude": [56.94, "-0.71"], "Corn": [347.5, "-0.14"], "USD/CNY": [6.638, "0.101"], "10Y": [2.31, "-0.56"], "USD/BRL": [3.2713, "0.6802"], "Hang Seng": [28994.34, "1.39"], "Brent Crude": [63.56, "-1.1"], "USD/NZD": [1.4482, "0.5834"], "DAX": [13379.27, "-0.66"], "Silver": [16.97, "-1.57"], "USD/MXN": [19.1465, "0.6879"], "USD/CAD": [1.27758, "0.52245"], "USD/GBP": [0.75969, "0.06717"], "Canada S&P/TSX": [16131.79, "0.25"], "USD/AUD": [1.3081, "0.5844"], "USD/SEK": [8.39151, "-0.05181"], "NASDAQ": [6315.75, "0.04"], "USD/SGD": [1.3643, "0.1902"], "Wheat": [427.25, "-0.81"], "RUS2K": [1477.7, "-1.3"], "XOM": [83.58, "-0.2"], "Copper": [3.0875, "-2.2169"], "JPM": [98.75, "-2.01"], "Gold": [1276.5, "-0.4"], "USD/CHF": [1.00031, "0.27667"], "Nikkei": [22937.6, "1.73"], "MCD": [170.77, "0.41"], "USD/EUR": [0.8627, "0.2091"], "JNJ": [139.77, "0.01"], "VIX": [9.89, "5.21"], "S&P500": [2586.25, "-0.1"]}