{"Platinum": [1001.7, "0.29", 0.0, 0.0], "Japan - Nikkei": [22153.63, "1.19", 18345.0, 24065.0], "Industrials": [78.74, "1.36", 63.55, 80.96], "5Y": [0.0, "0", 0.0, 0.0], "DJ Real Estate IDX": [296.5, "0.14", 285.1, 327.5], "Natural Gas": [2.639, "0.53", 2.57, 3.545], "Eurostoxx": [3463.18, "0.63", 3309.3, 3697.4], "AAPL": [178.97, "1.98", 136.28, 180.1], "MSCI Emerging": [50.17, "0.91", 37.39, 52.08], "USD/IDR": [13653.0, "-0.07", 13099.0, 13705.0], "Sugar": [13.39, "-0.52", 12.55, 19.66], "USD/KRW": [1069.28, "-0.58", 1055.21, 1160.83], "USD/JPY": [106.92, "0.12", 105.558, 115.488], "Canada - S&P/TSX": [15716.08, "0.5", 14785.8, 16421.4], "USD/INR": [64.76, "-0.2", 63.21, 66.89], "Hong Kong - Hang Seng": [31498.6, "0.74", 23438.86, 33484.08], "USD/TRY": [3.7847, "-0.14", 3.3892, 3.9808], "3M": [0.0, "0", 0.0, 0.0], "USD/ZAR": [11.5622, "0.19", 11.4953, 14.5708], "Live Cattle": [124.0, "-0.68", 104.05, 138.0], "USD/RUB": [55.7122, "-1.18", 55.515, 60.8113], "Heating Oil": [1.9876, "0.92", 1.3648, 2.136], "30Y": [3.15, "-0.16", 2.65, 3.22], "Coffee": [120.3, "0.71", 113.45, 143.5], "Feeder Cattle": [152.27, "-0.1", 123.575, 161.0], "Lean Hogs": [70.0, "-1.93", 55.25, 92.825], "Dollar IDX": [89.855, "-0.03", 89.503, 98.665], "WTI Crude": [63.96, "0.65", 42.53, 66.14], "Corn": [377.25, "0.73", 329.25, 392.0], "Brazil - Ibovespa": [87561.6172, "0.31", 60315.0, 88317.8281], "USD/CNY": [6.3114, "-0.34", 6.2462, 6.9313], "Germany - DAX": [12527.04, "0.35", 11780.83, 13596.89], "S&P500": [2779.59, "1.18", 2322.25, 2872.87], "10Y": [2.86, "-0.42", 2.03, 2.94], "USD/BRL": [3.2237, "-0.42", 3.0535, 3.4052], "Brent Crude": [67.54, "0.34", 44.82, 70.53], "USD/NZD": [1.367, "-0.3", 1.323, 1.472], "Australia - ASX": [6042.2, "0.71", 5629.8, 6150.0], "Silver": [16.58, "0.61", 15.48, 18.5], "USD/MXN": [18.6564, "0.7", 17.4368, 20.1258], "USD/CAD": [1.26762, "0.4", 1.2062, 1.3792], "USD/GBP": [0.71612, "0.05", 0.6974, 0.8255], "USD/ARS": [20.169, "1.1", 15.079, 20.278], "South Korea - Kospi": [2457.65, "0.25", 2067.68, 2607.1], "DJIA": [25709.27, "1.58", 20379.55, 26616.71], "Consumer Staples": [54.69, "0.63", 52.43, 58.95], "USD/HKD": ["0", "0", "0", "0"], "USD/AUD": [1.2735, "-0.06", 1.2291, 1.3642], "USD/SEK": [8.15192, "-0.16", 7.8266, 9.0982], "NASDAQ": [7421.46, "1.15", 5769.3901, 7505.77], "Materials": [61.55, "0.42", 51.04, 64.17], "USD/SGD": [1.31619, "-0.17", 1.3013, 1.4214], "Technology": [69.35, "1.55", 52.27, 69.36], "Healthcare": [86.41, "1.27", 72.33, 91.79], "Bitcoin": [10309.27832, "8.25", 891.9811, 20000.0], "Wheat": [473.25, "1.94", 387.25, 540.5], "RUS2K": [1559.4563, "0.66", 1335.04004, 1615.52002], "France - CAC": [5344.26, "0.51", 4833.77, 5567.03], "USD/NOK": [0.0, "0", 0.0, 0.0], "Copper": [3.199, "-0.42", 2.4845, 3.286], "JPM": [118.84, "1.3", 81.64, 118.9], "US Commodity IDX": [43.1, "0.54", 36.98, 43.89], "Gold": [1335.1, "0.36", 1198.0, 1357.8], "USD/CHF": [0.9382, "0.21", 0.9189, 1.0169], "Telecom": [70.2, "1.37", 65.1, 74.64], "UK - FTSE": [7289.58, "0", 7073.0, 7792.6], "Consumer Discretionary": [106.78, "0.82", 85.65, 109.34], "MCD": [163.48, "0", 126.58, 178.7], "KO": [44.02, "-0.05", 41.59, 48.62], "Cocoa": [2228.0, "1.09", 1793.0, 2223.0], "Utilities": [50.21, "-0.28", 47.37, 57.23], "USD/EUR": [0.0, "0", 0.0, 0.0], "Financials": [29.56, "1.51", 22.89, 30.33], "Soybean": [1037.25, "0.1", 903.5, 1041.25], "Real Estate": [30.83, "0.42", 29.17, 34.02], "JNJ": [132.05, "0.66", 120.95, 148.32], "VIX": [16.18, "-1.88", 8.56, 50.3], "USD/DKK": [6.04632, "-0.14", 5.9332, 7.0787], "Energy": [69.21, "0.6", 61.8, 78.39], "XOM": [78.87, "1.73", 73.9, 89.3], "Cotton": [81.74, "0.36", 66.54, 85.32]}