{"Platinum": [1011.8, "0.09", 0.0, 0.0], "Japan - Nikkei": [23763.37, "-0.44", 18224.68, 24084.42], "Industrials": [80.0, "0.14", 62.74, 80.6], "5Y": [2.4, "0.38", 1.62, 2.42], "DJ Real Estate IDX": [305.9, "-0.75", 301.1, 327.5], "Natural Gas": [3.189, "-1.33", 2.575, 3.42], "Eurostoxx": [3616.54, "0.1", 3230.68, 3697.4], "AAPL": [179.625, "0.29", 119.37, 180.05], "MSCI Emerging": [50.08, "0.22", 36.2, 50.1], "USD/IDR": [13345.0, "-0.07", 13099.0, 13647.0], "Sugar": [13.45, "-0.96", 12.55, 21.18], "USD/KRW": [1065.51, "-0.06", 1055.8101, 1180.65], "USD/JPY": [110.92, "-0.37", 107.322, 115.521], "Canada - S&P/TSX": [16332.65, "0.04", 14915.8, 16421.4], "USD/INR": [63.8274, "-0.08", 63.21, 68.29], "Hong Kong - Hang Seng": [32121.94, "0.43", 22858.25, 32233.81], "USD/TRY": [3.7744, "-1.19", 3.3892, 3.9808], "3M": [1.41, "-0.35", 0.47, 1.43], "USD/ZAR": [12.1962, "-0.91", 12.1036, 14.5708], "Live Cattle": [123.075, "0.24", 104.05, 138.0], "USD/RUB": [56.49, "-0.62", 55.515, 60.8113], "Heating Oil": [2.0528, "-0.79", 1.3648, 2.1056], "30Y": [2.88, "0.98", 2.65, 3.2], "Coffee": [122.65, "-0.37", 113.45, 155.4], "Feeder Cattle": [149.325, "0.45", 121.7, 161.0], "Lean Hogs": [72.6, "-0.17", 55.25, 92.825], "Dollar IDX": [90.452, "-0.1", 90.113, 98.665], "WTI Crude": [63.83, "-0.22", 42.53, 64.82], "Corn": [369.25, "0", 329.25, 392.0], "Brazil - Ibovespa": [81104.8672, "-0.1", 60315.0, 81367.375], "USD/CNY": [6.4164, "-0.26", 6.4149, 6.9313], "Germany - DAX": [13264.69, "0.61", 11479.78, 13525.56], "S&P500": [2802.11, "-0.02", 2257.02, 2807.54], "10Y": [2.6, "0.93", 2.03, 2.62], "USD/BRL": [3.2055, "-0.56", 3.0413, 3.4052], "Brent Crude": [69.08, "-0.43", 44.82, 70.26], "USD/NZD": [1.3656, "-0.78", 1.3229, 1.4722], "Australia - ASX": [6014.6, "-0.02", 5582.7, 6150.0], "Silver": [17.13, "-0.21", 15.48, 18.5], "USD/MXN": [18.6348, "-0.22", 17.4368, 22.0289], "USD/CAD": [1.246, "0.08", 1.2062, 1.3792], "USD/GBP": [0.72019, "-0.54", 0.71986, 0.8255], "USD/ARS": [18.83, "-0.01", 15.079, 19.185], "South Korea - Kospi": [2515.81, "0.02", 2052.29, 2561.63], "DJIA": [26095.76, "-0.08", 19677.94, 26153.42], "Consumer Staples": [57.57, "0.02", 52.12, 57.77], "USD/HKD": [7.8152, "-0.03", 7.7555, 7.8289], "USD/AUD": [1.2494, "-0.57", 1.2309, 1.3642], "USD/SEK": [8.01607, "-0.53", 7.8882, 9.0982], "NASDAQ": [7292.42, "-0.08", 5522.6899, 7330.3301], "Materials": [62.9, "-0.06", 50.45, 63.66], "USD/SGD": [1.32017, "-0.45", 1.3182, 1.4311], "Technology": [67.69, "0.21", 49.44, 67.79], "Healthcare": [87.76, "-0.37", 68.75, 88.28], "Bitcoin": [11764.706055, "8.24", 878.9973, 20000.0], "Wheat": [425.25, "0.89", 387.25, 540.5], "RUS2K": [1581.36, "-0.33", 1335.040039, 1604.02002], "France - CAC": [5490.9, "-0.06", 4733.82, 5536.4], "USD/NOK": [7.82635, "-0.79", 7.6999, 8.7161], "Copper": [3.206, "0.53", 2.4845, 3.286], "JPM": [113.302, "0.28", 81.64, 113.53], "US Commodity IDX": [42.74, "0.07", 36.98, 42.97], "Gold": [1331.7, "-0.56", 1188.1, 1350.1], "USD/CHF": [0.9588, "-0.72", 0.9422, 1.0169], "Telecom": [70.1279, "0", 65.1, 74.64], "UK - FTSE": [7693.03, "-0.42", 7093.6, 7792.6], "Consumer Discretionary": [104.7, "-0.08", 83.47, 106.02], "MCD": [174.6688, "-0.18", 119.82, 175.78], "KO": [46.86, "0.09", 40.22, 47.48], "Cocoa": [1993.0, "0.4", 1793.0, 2233.0], "Utilities": [50.405, "-0.11", 48.11, 57.23], "USD/EUR": [0.8154, "-0.73", 0.8116, 0.9527], "Financials": [29.405, "0.12", 22.89, 29.53], "Soybean": [973.0, "0.44", 903.5, 1074.0], "Real Estate": [31.315, "-0.65", 30.32, 34.024], "JNJ": [146.8, "-0.12", 110.76, 148.32], "VIX": [11.79, "-1.01", 8.56, 17.28], "USD/DKK": [6.07424, "-0.7", 6.0443, 7.0823], "Energy": [76.92, "-0.25", 61.8, 77.65], "XOM": [87.93, "-0.08", 76.05, 88.21], "Cotton": [83.61, "1.79", 66.54, 85.32]}