{"Platinum": [955.9, "2.1", 0.0, 0.0], "Industrials": [595.64, "-0.31", 594.2, 596.55], "5Y": [2.05, "-0.87", 1.62, 2.14], "DJ Real Estate IDX": [324.6, "-0.46", 0.0, 0.0], "Natural Gas": [3.123, "2.29", 0.0, 0.0], "Eurostoxx": [3547.46, "-0.49", 3015.13, 3697.4], "AAPL": [170.41, "-0.4", 108.25, 176.24], "USD/IDR": [13523.0, "-0.11", 13099.0, 13647.0], "Sugar": [15.31, "0.33", 0.0, 0.0], "USD/KRW": [1092.55, "-0.28", 1091.95, 1213.73], "USD/JPY": [111.95, "-1.02", 107.322, 118.647], "USD/INR": [64.9042, "-0.59", 63.563, 68.895], "DJIA": [23370.31, "-0.38", 18853.83, 23602.12], "USD/TRY": [3.8726, "0.35", 3.3407, 3.9357], "3M": [1.24, "0.65", 0.41, 1.25], "CAC": [5319.17, "-0.32", 4479.69, 5536.4], "USD/ZAR": [13.9806, "-1.27", 12.2981, 14.6465], "Live Cattle": [124.85, "-0.22", 0.0, 0.0], "USD/RUB": [59.0346, "-1.05", 55.515, 65.4387], "Heating Oil": [1.948, "2.41", 0.0, 0.0], "30Y": [2.78, "-0.96", 2.65, 3.2], "Coffee": [124.05, "-2.09", 0.0, 0.0], "Feeder Cattle": [151.55, "-0.93", 0.0, 0.0], "Lean Hogs": [70.82, "-0.07", 0.0, 0.0], "Dollar IDX": [93.625, "-0.33", 93.508, 98.665], "WTI Crude": [56.46, "2.39", 0.0, 0.0], "FTSE": [7380.68, "-0.08", 6678.7, 7599.0], "Corn": [343.0, "1.93", 0.0, 0.0], "USD/CNY": [6.6244, "-0.04", 6.436, 7.481], "S&P500": [2581.67, "-0.15", 2180.38, 2597.02], "10Y": [2.34, "-0.97", 2.03, 2.62], "USD/BRL": [3.2568, "-0.52", 3.0413, 3.5773], "Hang Seng": [29199.04, "0.62", 21488.82, 29341.92], "Brent Crude": [62.76, "2.28", 0.0, 0.0], "USD/NZD": [1.4665, "0.49", 1.3229, 1.474], "DAX": [12993.73, "-0.41", 10402.59, 13525.56], "Silver": [17.28, "1.25", 0.0, 0.0], "USD/MXN": [18.9204, "-0.68", 17.4368, 22.0289], "USD/CAD": [1.27624, "0.08", 1.2062, 1.37918], "USD/GBP": [0.75665, "-0.17", 0.73444, 0.83367], "USD/ARS": [17.482, "0.14", 15.079, 17.826], "Canada S&P/TSX": [15990.17, "0.34", 14797.9, 16131.8], "Consumer Staples": [563.55, "-0.48", 562.92, 566.32], "USD/HKD": [7.81064, "0.03", 7.7531, 7.82741], "USD/AUD": [1.3206, "0.2", 1.2309, 1.3965], "USD/SEK": [8.43486, "0.43", 7.88817, 9.44617], "NASDAQ": [6793.48, "0.0", 5238.21, 6806.6699], "Materials": [365.44, "0.34", 362.99, 365.89], "USD/SGD": [1.35393, "-0.17", 1.3346, 1.4542], "Technology": [1105.48, "-0.49", 1103.89, 1110.89], "Healthcare": [939.82, "-0.29", 937.36, 941.56], "Wheat": [427.0, "1.3", 0.0, 0.0], "RUS2K": [1496.41, "0.64", 1308.439941, 1514.939941], "XOM": [80.385, "-0.22", 76.05, 93.22], "Kospi": [2533.99, "-0.03", 1960.65, 2561.63], "USD/NOK": [8.24131, "0.39", 7.69987, 8.7391], "Copper": [3.069, "0.69", 0.0, 0.0], "JPM": [98.22, "-0.25", 77.29, 102.42], "Gold": [1295.6, "1.36", 0.0, 0.0], "USD/CHF": [0.98792, "-0.61", 0.94217, 1.03324], "Telecom": [145.45, "0.85", 143.7, 146.19], "Nikkei": [22396.8, "0.2", 16111.81, 23382.15], "Consumer Discretionary": [744.49, "0.51", 742.0, 745.25], "MCD": [166.99, "-0.65", 117.71, 170.92], "Cocoa": [2124.0, "-0.75", 0.0, 0.0], "Utilities": [282.27, "-0.59", 281.94, 283.82], "USD/EUR": [0.8469, "-0.28", 0.8269, 0.9664], "Soybean": [989.5, "1.8", 0.0, 0.0], "Real Estate": [206.77, "-0.53", 206.7, 208.05], "JNJ": [137.945, "-0.67", 109.32, 144.35], "VIX": [11.48, "-2.38", 8.84, 17.28], "Ibovespa": [73424.422, "1.26", 56829.0, 78024.0], "USD/DKK": [6.30378, "-0.26", 6.15343, 7.18563], "Energy": [496.89, "0.54", 493.97, 497.41], "Financials": [433.73, "-0.05", 431.37, 434.37], "Cotton": [69.57, "0.56", 0.0, 0.0]}