{"Platinum": [933.0, "0.61", 0.0, 0.0], "5Y": [2.04, "-1.31", 1.62, 2.14], "DJ Real Estate IDX": [325.1, "-0.61", 0.0, 0.0], "Natural Gas": [3.081, "-0.68", 0.0, 0.0], "Eurostoxx": [3545.72, "-0.3", 3015.13, 3697.4], "AAPL": [169.05, "-1.34", 106.6, 176.24], "USD/IDR": [13533.0, "-0.13", 13099.0, 13647.0], "Sugar": [15.11, "0.07", 0.0, 0.0], "USD/KRW": [1104.18, "-0.87", 1100.66, 1213.73], "USD/JPY": [112.82, "-0.56", 107.322, 118.647], "USD/INR": [65.259, "-0.21", 63.563, 68.895], "DJIA": [23253.0, "-0.52", 0.0, 0.0], "USD/TRY": [3.8834, "-0.04", 3.2851, 3.9357], "3M": [1.23, "-0.81", 0.41, 1.25], "CAC": [5301.25, "-0.27", 4479.69, 5536.4], "USD/ZAR": [14.408, "0.35", 12.298, 14.646], "Live Cattle": [125.725, "0.46", 0.0, 0.0], "USD/RUB": [60.1913, "-0.2", 55.515, 65.537], "Heating Oil": [1.9059, "-0.06", 0.0, 0.0], "30Y": [2.78, "-2.04", 2.65, 3.2], "Coffee": [126.75, "-0.24", 0.0, 0.0], "Feeder Cattle": [157.9, "0.17", 0.0, 0.0], "Lean Hogs": [67.525, "0.04", 0.0, 0.0], "Dollar IDX": [93.794, "-0.04", 93.402, 98.665], "WTI Crude": [55.28, "-0.75", 0.0, 0.0], "FTSE": [7372.61, "-0.56", 6678.7, 7599.0], "Corn": [338.5, "0.3", 0.0, 0.0], "USD/CNY": [6.6199, "-0.23", 6.436, 7.481], "S&P500": [2566.0, "-0.47", 0.0, 0.0], "10Y": [2.34, "-1.93", 2.03, 2.62], "USD/BRL": [3.313, "0", 3.041, 3.577], "Hang Seng": [28851.69, "-1.03", 21488.82, 29258.5], "Brent Crude": [61.84, "-0.59", 0.0, 0.0], "USD/NZD": [1.4536, "-0.08", 1.3229, 1.4663], "DAX": [12976.37, "-0.44", 10402.59, 13525.56], "Silver": [16.98, "-0.57", 0.0, 0.0], "USD/MXN": [19.2903, "0.68", 17.4368, 22.0289], "USD/CAD": [1.27679, "0.26", 1.2062, 1.37918], "USD/GBP": [0.75926, "-0.06", 0.73444, 0.83367], "USD/ARS": [17.524, "0.37", 15.079, 17.826], "Canada S&P/TSX": [15902.4, "-0.07", 14672.8, 16131.8], "USD/HKD": [7.8077, "0.07", 7.7531, 7.8274], "USD/AUD": [1.3177, "0.53", 1.2309, 1.3965], "USD/SEK": [0.0, "0", 0.0, 0.0], "NASDAQ": [6269.25, "-0.39", 0.0, 0.0], "USD/SGD": [1.35672, "-0.17", 1.3346, 1.4542], "Wheat": [419.75, "-1.93", 0.0, 0.0], "RUS2K": [1465.0, "-0.38", 0.0, 0.0], "XOM": [81.28, "-1.17", 76.05, 93.22], "USD/NOK": [8.23752, "0.75", 7.69987, 8.7391], "Copper": [3.051, "-0.46", 0.0, 0.0], "JPM": [98.38, "1.14", 76.88, 102.42], "Gold": [1278.5, "-0.34", 0.0, 0.0], "USD/CHF": [0.98824, "-0.13", 0.94217, 1.03324], "Nikkei": [22028.32, "-1.57", 0.0, 0.0], "MCD": [167.61, "-0.3", 117.71, 170.92], "Cocoa": [2162.0, "0.6", 0.0, 0.0], "USD/EUR": [0.8479, "0.07", 0.8269, 0.9664], "Soybean": [977.5, "1.01", 0.0, 0.0], "JNJ": [139.3601, "-0.09", 109.32, 144.35], "VIX": [12.53, "8.11", 8.84, 17.28], "Ibovespa": [70826.59, "-2.27", 56829.0, 78024.0], "USD/DKK": [6.31181, "0.11", 6.15343, 7.18563], "Cotton": [68.89, "0.42", 0.0, 0.0]}