{"USD/EUR": [0.97075, "-0.06", 0.89187, 0.98195], "USD/JPY": [155.132, "-0.78", 139.578, 161.942], "USD/GBP": [0.8171550000000001, "0.05", 0.74444, 0.82636], "USD/CAD": [1.43931, "0.4", 1.33595, 1.44611], "USD/CHF": [0.91079, "-0.18", 0.83835, 0.92225], "USD/AUD": [1.6099999999999999, "0.3", 1.440694, 1.63071], "USD/NZD": [1.7838, "0.21", 1.56823, 1.80395], "USD/SEK": [11.150500000000001, "0.01", 9.86051, 11.31365], "USD/NOK": [11.361315000000001, "0.44", 10.31748, 11.5213], "USD/DKK": [7.2421050000000005, "-0.06", 6.65092, 7.3259], "USD/MXN": [20.835, "1.88", 16.2477, 20.87599], "USD/BRL": [6.065849999999999, "0.89", 4.892255, 6.7414], "USD/CNY": [7.3316, "0.02", 7.0061, 7.3319], "USD/SGD": [1.366725, "0.04", 1.2788, 1.5], "USD/KRW": [1457.41, "0.17", 1216.96, 1487.04], "USD/RUB": [102.45500000000001, "-0.31", 82.73353, 114.999664], "USD/HKD": [7.787599999999999, "0.01", 7.71848, 7.8379], "USD/ZAR": [18.8151, "0.31", 14.86037, 19.37943], "USD/TRY": [35.42795, "-0.07", 30.1209, 35.664], "USD/INR": [86.57499999999999, "0.26", 77.5017, 86.8553], "USD/IDR": [16359.0, "0.28", 14210.9, 16613.8], "S&P500": [5915.764999999999, "-0.57", 4740.57, 6099.97], "DJIA": [42992.115, "-0.53", 37122.95, 45073.63], "NASDAQ": [19338.29, "-0.89", 14911.11, 20204.58], "RUS2K": [2266.79, "0.15", 1901.65, 2466.49], "Eurostoxx": [5106.93, "1.48", 4408.42, 5121.71], "MSCI Emerging": [41.66, "-0.36", 37.83, 47.44], "UK - FTSE": [8391.9, "1.09", 7426.6, 8474.4], "Germany - DAX": [20655.39, "0.39", 16421.2, 20675.08], "France - CAC": [7634.74, "2.14", 7029.91, 8259.19], "Canada - S&P/TSX": [24826.16, "0.15", 20466.5, 25843.2], "Japan - Nikkei": [38572.6, "0.33", 31156.12, 42426.77], "Hong Kong - Hang Seng": [19522.89, "1.23", 14794.16, 23241.74], "South Korea - Kospi": [2527.49, "1.23", 0.0, 2896.43], "Australia - ASX": [8327.0, "1.38", 7322.0, 8514.5], "China - Shanghai Composite": [3236.03, "0.28", 2635.09, 3674.405], "Brazil - Ibovespa": [121234.14, "-1.15", 118223.0, 137469.0], "Russia - MOEX": [2222.51, "-0.19", 1681.55, 4292.68], "Belgium - Bel 20": [4244.48, "0.23", 3550.65, 4349.31], "India - BSE SENSEX": [77042.82, "0.42", 70001.6, 85978.25], "WTI Crude": [78.655, "-1.73", 65.27, 87.67], "Brent Crude": [81.285, "-0.91", 68.69, 92.18], "Natural Gas": [4.2780000000000005, "4.78", 1.481, 4.369], "Heating Oil": [2.6197, "0.24", 2.0431, 2.9735], "Gold": [2745.6499999999996, "1.02", 1984.8, 2789.0], "Silver": [31.5925, "0.2", 21.925, 34.835], "Copper": [4.43525, "1.05", 3.686, 5.1985], "Platinum": [940.9, "-0.49", 871.4, 1084.6], "Corn": [474.25, "-0.94", 360.5, 479.75], "Sugar": [18.395, "2.14", 17.52, 24.62], "Wheat": [548.125, "-1.68", 512.0, 746.25], "Coffee": [326.875, "-1.08", 175.55, 347.35], "Soybean": [1019.5, "-2.23", 936.25, 1258.25], "Cotton": [66.75, "-1.51", 65.3, 107.25], "Cocoa": [10512.5, "-2.85", 4415.0, 12931.0], "Live Cattle": [197.0, "-0.77", 172.575, 199.1], "Lean Hogs": [82.5, "-0.75", 70.275, 100.1], "3M": [4.195, "-0.24", 4.18, 5.348], "5Y": [4.396, "-1.08", 3.282, 4.988], "10Y": [4.606, "-1.01", 3.345, 4.997], "30Y": [4.844, "-0.72", 3.717, 5.152], "VIX": [16.6, "2.98", 15.53, 35.05], "Dollar IDX": [108.94, "-0.13", 100.16, 110.18], "DJ Real Estate IDX": [360.04, "2.16", 352.26, 360.33], "S&P GSCI Commodity IDX": [579.33, "-0.42", 502.45, 606.81], "Bitcoin": [100016.93, "0.29", 38521.895, 108268.445], "AAPL": [228.26, "-4.04", 164.08, 260.1], "AMZN": [220.66, "-1.2", 151.61, 233.0], "MSFT": [424.58, "-0.41", 385.58, 468.35], "GOOG": [194.41, "-1.3", 131.55, 202.88], "META": [611.3, "-0.94", 370.95, 638.4], "JPM": [254.27, "0.76", 165.24, 257.035], "XOM": [111.32, "-0.17", 95.77, 126.34], "NVDA": [133.57, "-1.96", 56.107, 153.13], "TSLA": [413.82, "-3.36", 138.8, 488.54], "Technology": [230.12, "-0.93", 190.75, 241.88], "Financials": [49.769999999999996, "0.59", 36.95, 51.62], "Healthcare": [141.255, "0.49", 135.95, 159.64], "Industrials": [136.54, "0.92", 110.5, 144.51], "Consumer Discretionary": [225.92000000000002, "-0.6", 166.48, 240.28], "Consumer Staples": [76.77000000000001, "0.71", 71.56, 84.53], "Energy": [93.225, "0.71", 78.98, 98.97], "Utilities": [78.68, "2.46", 59.14, 83.41], "Real Estate": [40.99, "1.99", 35.57, 45.58], "Materials": [87.525, "0.56", 80.74, 97.87], "Telecom": [107.535, "0.39", 67.08, 112.26], "SPY": [591.07, "-0.29", 472.42, 609.07], "VB": [249.915, "1.66", 203.33, 263.35], "VWO": [43.21, "-0.58", 39.11, 49.57], "VPL": [70.88, "-0.37", 67.57, 79.75], "VGK": [64.155, "-0.04", 61.95, 72.08], "VNQ": [89.55, "1.89", 78.27, 99.58], "JEPI": [58.335, "0.58", 54.77, 60.88], "SPXL": [172.77499999999998, "-0.22", 101.27, 190.34]}