{"USD/EUR": [0.8711, "0.06", 0.85994, 0.98195], "USD/JPY": [144.955, "-0.09", 139.578, 161.942], "USD/GBP": [0.74528, "0.01", 0.73354, 0.82636], "USD/CAD": [1.36957, "0.05", 1.3419, 1.4791], "USD/CHF": [0.81887, "0.08", 0.80565, 0.91994], "USD/AUD": [1.536, "-0.03", 1.440694, 1.68831], "USD/NZD": [1.6578, "0.0", 1.56823, 1.82126], "USD/SEK": [9.63732, "0.02", 8.98231, 11.31365], "USD/NOK": [9.97346, "0.04", 9.86388, 11.5213], "USD/DKK": [6.49671, "0.03", 6.41477, 7.3259], "USD/MXN": [19.017, "0.17", 17.62467, 21.28773], "USD/BRL": [5.4865, "0.0", 5.368062, 6.4111], "USD/CNY": [7.1883, "0.0", 7.0061, 7.35], "USD/SGD": [1.28489, "0.03", 1.27652, 1.5], "USD/KRW": [1375.15, "0.37", 1302.8, 1487.04], "USD/RUB": [78.336, "-0.05", 76.87745, 114.999664], "USD/HKD": [7.84937, "0.01", 7.71848, 7.8499], "USD/ZAR": [18.014, "0.13", 14.86037, 19.9285], "USD/TRY": [39.51506, "0.04", 32.4367, 40.8625], "USD/INR": [86.382, "0.0", 72.9671, 88.0713], "USD/IDR": [16314.0, "0.0", 14210.9, 17322.6], "S&P500": [5980.87, "-0.03", 4835.04, 6147.43], "DJIA": [42171.66, "-0.1", 36611.78, 45073.63], "NASDAQ": [19546.273, "0.13", 14784.03, 20204.58], "RUS2K": [2112.9644, "0.52", 1732.99, 2466.49], "Eurostoxx": [5266.91, "-0.41", 0.0, 5568.19], "MSCI Emerging": [46.6, "-0.02", 38.19, 47.97], "UK - FTSE": [8843.47, "0.11", 7544.8, 8908.8], "Germany - DAX": [23317.81, "-0.5", 17024.82, 24479.42], "France - CAC": [7656.12, "-0.36", 6763.76, 8257.88], "Canada - S&P/TSX": [26559.85, "0.07", 21491.6, 26681.7], "Japan - Nikkei": [38885.15, "0.9", 30792.74, 42426.77], "Hong Kong - Hang Seng": [23710.69, "-1.12", 16441.44, 24874.39], "South Korea - Kospi": [2972.19, "0.74", 0.0, 2998.62], "Australia - ASX": [8531.2, "-0.12", 7169.2, 8639.1], "China - Shanghai Composite": [3388.8086, "0.04", 2689.695, 3674.405], "Brazil - Ibovespa": [138716.64, "-0.09", 118223.0, 140382.0], "Russia - MOEX": [2222.51, "-0.19", 1681.55, 4292.68], "Belgium - Bel 20": [4425.99, "-0.28", 3826.88, 4567.29], "India - BSE SENSEX": [81444.66, "-0.17", 71425.01, 85978.25], "WTI Crude": [75.29, "0.2", 55.12, 84.52], "Brent Crude": [76.5, "-0.26", 58.39, 87.95], "Natural Gas": [3.981, "-0.2", 1.856, 4.901], "Heating Oil": [2.5434, "0.39", 1.9338, 2.6629], "Gold": [3390.5, "-0.52", 2295.0, 3485.6], "Silver": [36.765, "-0.4", 26.695, 37.255], "Copper": [4.8535, "0.01", 3.9175, 5.277], "Platinum": [1324.5, "0.87", 884.5, 1326.8], "Corn": [443.75, "-0.06", 360.5, 504.5], "Sugar": [16.35, "0.25", 15.93, 23.71], "Wheat": [585.0, "-0.26", 498.25, 630.5], "Coffee": [319.7, "-0.81", 221.0, 440.85], "Soybean": [1066.75, "-0.14", 936.25, 1191.5], "Cotton": [66.23, "0.18", 60.8, 74.58], "Cocoa": [8759.0, "-0.5", 6426.0, 12931.0], "Live Cattle": [211.775, "0.05", 173.775, 229.125], "Lean Hogs": [112.175, "0.0", 74.675, 112.9], "3M": [4.223, "0.12", 4.18, 5.348], "5Y": [3.993, "0.1", 3.282, 4.988], "10Y": [4.3970003, "0.09", 3.345, 4.997], "30Y": [4.895, "0.04", 3.717, 5.152], "VIX": [20.14, "-6.76", 15.53, 35.05], "Dollar IDX": [98.85, "-0.06", 97.6, 110.18], "DJ Real Estate IDX": [0.0, "-100.0", 359.75, 364.3], "S&P GSCI Commodity IDX": [0.0, "-100.0", 492.56, 592.21], "Bitcoin": [104729.84, "0.13", 49121.24, 111970.17], "AAPL": [196.58, "0.48", 169.21, 260.1], "AMZN": [212.52, "-1.07", 151.61, 242.52], "MSFT": [480.24, "0.46", 344.79, 481.0], "GOOG": [173.98, "-1.83", 142.66, 208.7], "META": [695.77, "-0.21", 442.65, 740.91], "JPM": [273.96, "1.65", 190.9, 280.25], "XOM": [113.19, "-0.71", 97.8, 126.34], "NVDA": [145.48, "0.94", 86.62, 153.13], "TSLA": [322.05, "1.82", 179.66, 488.54], "Technology": [241.61, "0.12", 172.45, 243.76], "Financials": [50.22, "-0.04", 40.66, 52.64], "Healthcare": [133.24, "-0.17", 127.35, 159.64], "Industrials": [142.21, "-0.24", 112.75, 145.56], "Consumer Discretionary": [210.43, "0.05", 166.48, 240.28], "Consumer Staples": [80.43, "-0.12", 75.61, 84.53], "Energy": [88.08, "-0.65", 74.49, 97.92], "Utilities": [80.56, "0.26", 67.6, 83.41], "Real Estate": [41.84, "0.19", 35.76, 45.58], "Materials": [87.01, "-0.29", 73.12, 97.87], "Telecom": [108.66, "1.44", 75.04, 113.5], "SPY": [597.44, "-0.02", 481.8, 613.23], "VB": [231.32, "0.5", 190.27, 263.35], "VWO": [48.15, "-0.27", 39.53, 49.57], "VPL": [80.12, "0.88", 64.21, 81.02], "VGK": [76.34, "-0.07", 62.02, 78.58], "VNQ": [89.89, "0.35", 76.92, 99.58], "JEPI": [55.74, "-0.23", 49.94, 60.88], "SPXL": [156.63, "-0.13", 87.08, 190.34]}