{"Platinum": [945.1, "1.29", 0.0, 0.0], "Japan - Nikkei": [21687.1, "-0.49", 18224.68, 24129.34], "Industrials": [73.46, "-0.27", 64.02, 80.96], "5Y": [2.61, "-0.65", 1.62, 2.73], "DJ Real Estate IDX": [298.4, "0.95", 0.0, 0.0], "Natural Gas": [2.674, "0.68", 0.0, 0.0], "Eurostoxx": [3420.13, "-0.54", 3298.07, 3697.4], "AAPL": [173.14, "-0.06", 140.45, 183.5], "MSCI Emerging": [48.04, "-0.02", 38.71, 52.08], "USD/IDR": [13755.0, "0.05", 13099.0, 13822.0], "Sugar": [12.47, "-0.08", 0.0, 0.0], "USD/KRW": [1066.53, "0.3", 1052.0, 1158.36], "USD/JPY": [106.75, "-0.42", 104.667, 114.725], "Canada - S&P/TSX": [15278.02, "0.1", 14785.8, 16421.4], "USD/INR": [65.2083, "0.41", 63.21, 65.89], "Hong Kong - Hang Seng": [30897.71, "0.55", 23723.87, 33484.08], "USD/TRY": [4.1472, "0.86", 3.3892, 4.1935], "3M": [1.69, "-0.29", 0.76, 1.76], "USD/ZAR": [11.9865, "-0.39", 11.4971, 14.5708], "Live Cattle": [102.3, "0.2", 0.0, 0.0], "USD/RUB": [63.6995, "1.08", 54.3243, 65.05], "Heating Oil": [2.1041, "1.9", 1.3648, 2.136], "30Y": [2.99, "-0.86", 2.65, 3.22], "Coffee": [117.65, "0.04", 113.45, 142.9], "Feeder Cattle": [135.55, "0.2", 130.65, 161.0], "Lean Hogs": [76.05, "1.33", 51.575, 92.825], "Dollar IDX": [89.416, "-0.19", 89.355, 98.665], "WTI Crude": [67.05, "2.35", 0.0, 0.0], "Corn": [387.5, "-0.45", 0.0, 0.0], "Brazil - Ibovespa": [85171.1016, "0.78", 60315.0, 88318.0], "USD/CNY": [6.2654, "-0.24", 6.2342, 6.9262], "Germany - DAX": [12295.95, "-0.82", 11726.62, 13596.89], "S&P500": [2654.32, "-0.1", 2328.95, 2872.87], "10Y": [2.78, "-0.72", 2.03, 2.94], "USD/BRL": [3.3928, "-0.37", 3.0779, 3.4232], "Brent Crude": [72.46, "2.0", 44.82, 71.04], "USD/NZD": [1.3563, "-0.08", 1.3229, 1.4722], "Australia - ASX": [5828.7, "-0.48", 5629.8, 6150.0], "Silver": [16.86, "1.62", 15.48, 18.5], "USD/MXN": [18.2007, "-0.32", 17.4368, 19.8854], "USD/CAD": [1.25713, "-0.2", 1.2062, 1.3792], "USD/GBP": [0.70389, "-0.22", 0.6974, 0.8012], "USD/ARS": [20.148, "0.08", 15.079, 20.4418], "South Korea - Kospi": [2444.22, "-0.27", 2122.94, 2607.1], "DJIA": [24304.33, "-0.42", 20379.55, 26616.71], "Consumer Staples": [52.55, "0.08", 50.81, 58.95], "USD/HKD": [7.8498, "0.0", 7.7696, 7.8508], "USD/AUD": [1.2873, "-0.05", 1.2291, 1.3642], "USD/SEK": [8.32107, "0.26", 7.8266, 9.0577], "NASDAQ": [7108.78, "0.2", 5805.1499, 7637.27], "Materials": [57.7, "-0.5", 51.27, 64.17], "USD/SGD": [1.3083, "-0.06", 1.3013, 1.4127], "Technology": [66.1, "-0.07", 52.37, 71.34], "Healthcare": [81.6659, "-0.44", 73.16, 91.79], "Bitcoin": [6944.444336, "1.39", 1187.97, 18750.9258], "Wheat": [490.25, "-0.36", 387.25, 540.5], "RUS2K": [1546.66, "0.21", 1345.23999, 1615.52002], "France - CAC": [5275.59, "-0.6", 4980.41, 5567.03], "USD/NOK": [7.75331, "-0.53", 7.6377, 8.7161], "Copper": [3.1315, "-0.18", 2.4845, 3.286], "JPM": [111.217, "-1.15", 81.64, 119.33], "US Commodity IDX": [43.58, "0.95", 36.98, 43.89], "Gold": [1367.9, "1.63", 1211.9, 1357.8], "USD/CHF": [0.95732, "0.05", 0.9189, 1.0099], "Telecom": [71.3964, "0.79", 65.1, 74.86], "UK - FTSE": [7257.14, "-0.13", 6866.9, 7792.6], "Consumer Discretionary": [102.09, "0.42", 86.55, 109.34], "MCD": [163.401, "0.39", 130.57, 178.7], "KO": [43.99, "-0.01", 42.19, 48.62], "Cocoa": [2534.0, "1.81", 1793.0, 2635.0], "Utilities": [50.11, "-0.04", 47.37, 57.23], "USD/EUR": [0.807, "-0.27", 0.7963, 0.9437], "Financials": [27.5, "-0.83", 22.89, 30.33], "Soybean": [1055.0, "0.48", 0.0, 0.0], "Real Estate": [30.95, "0.95", 29.17, 34.02], "JNJ": [130.0, "-0.19", 120.95, 148.32], "VIX": [20.22, "-1.22", 8.56, 50.3], "USD/DKK": [6.00996, "-0.28", 5.9332, 7.0172], "Energy": [70.69, "1.12", 61.8, 78.39], "XOM": [77.505, "0.56", 72.16, 89.3], "Cotton": [83.64, "0.13", 66.54, 85.41]}