{"Platinum": [940.4, "0.27"], "5Y": [2.0, "-0.35"], "DJ Real Estate IDX": [325.4, "-0.18"], "Natural Gas": [3.201, "0.82"], "Eurostoxx": [3612.5, "-1.16"], "AAPL": [174.25, "-1.13"], "USD/IDR": [13510.0, "-0.02"], "Sugar": [14.88, "0.27"], "USD/KRW": [1119.81, "0.66"], "USD/JPY": [113.17, "-0.6"], "USD/INR": [64.965, "0.08"], "DJIA": [23309.0, "-0.77"], "USD/TRY": [3.8764, "0.33"], "3M": [1.2, "0.67"], "CAC": [5407.75, "-1.16"], "USD/ZAR": [14.2823, "0.95"], "Live Cattle": [122.375, "-0.45"], "USD/RUB": [59.3553, "0.25"], "Heating Oil": [1.9498, "1.47"], "30Y": [2.8, "0.57"], "Coffee": [125.95, "0.16"], "Feeder Cattle": [155.65, "0.16"], "Lean Hogs": [73.725, "-0.3"], "Dollar IDX": [94.446, "-0.44"], "WTI Crude": [57.31, "0.88"], "FTSE": [7484.1, "-0.61"], "Corn": [343.25, "-1.44"], "USD/CNY": [6.6377, "0.19"], "S&P500": [2569.25, "-0.84"], "10Y": [2.32, "-0.22"], "USD/BRL": [3.2563, "0.06"], "Hang Seng": [29136.57, "0.79"], "Brent Crude": [64.06, "0.9"], "USD/NZD": [1.4365, "0.11"], "DAX": [13182.56, "-1.49"], "Silver": [16.99, "-0.86"], "USD/MXN": [19.0736, "-0.14"], "USD/CAD": [1.26752, "-0.43"], "USD/GBP": [0.75995, "-0.32"], "USD/ARS": [17.502, "-0.04"], "Canada S&P/TSX": [16045.47, "-0.37"], "USD/HKD": [7.7982, "0.02"], "USD/AUD": [1.3021, "0.01"], "USD/SEK": [8.37516, "-0.07"], "NASDAQ": [6260.0, "-1.29"], "USD/SGD": [1.35913, "-0.18"], "Wheat": [427.25, "0.12"], "RUS2K": [1467.8, "-0.98"], "XOM": [83.67, "0.24"], "USD/NOK": [8.14206, "-0.23"], "Copper": [3.085, "-0.47"], "JPM": [97.1076, "-0.55"], "Gold": [1287.9, "0.33"], "USD/CHF": [0.99364, "-0.62"], "Nikkei": [22868.71, "-0.2"], "MCD": [166.945, "-1.85"], "Cocoa": [2185.0, "-1.4"], "USD/EUR": [0.8587, "-0.42"], "Soybean": [988.5, "-1.0"], "JNJ": [140.3995, "-0.65"], "VIX": [11.74, "20.04"], "USD/DKK": [6.39132, "-0.45"], "Cotton": [68.51, "-0.17"]}