{"Platinum": [1011.9, "0.1", 0.0, 0.0], "Japan - Nikkei": [23763.37, "-0.44", 18224.68, 24084.42], "Industrials": [79.83, "-0.07", 62.74, 80.6], "5Y": [2.41, "0.79", 1.62, 2.42], "DJ Real Estate IDX": [305.9, "-0.75", 301.1, 327.5], "Natural Gas": [3.193, "-1.21", 2.575, 3.42], "Eurostoxx": [3616.81, "0.11", 3230.68, 3697.4], "AAPL": [178.471, "-0.35", 119.37, 180.05], "MSCI Emerging": [49.99, "0.04", 36.2, 50.1], "USD/IDR": [13345.0, "-0.07", 13099.0, 13647.0], "Sugar": [13.31, "-0.82", 12.55, 21.18], "USD/KRW": [1066.24, "0.01", 1055.8101, 1180.65], "USD/JPY": [110.91, "-0.37", 107.322, 115.521], "Canada - S&P/TSX": [16335.13, "0.05", 14915.8, 16421.4], "USD/INR": [63.8478, "-0.05", 63.21, 68.29], "Hong Kong - Hang Seng": [32121.94, "0.43", 22858.25, 32233.81], "USD/TRY": [3.7696, "-1.32", 3.3892, 3.9808], "3M": [0.0, "0", 0.0, 0.0], "USD/ZAR": [12.1953, "-0.92", 12.1036, 14.5708], "Live Cattle": [123.0, "0.18", 104.05, 138.0], "USD/RUB": [56.523, "-0.56", 55.515, 60.8113], "Heating Oil": [2.0511, "-0.87", 1.3648, 2.1056], "30Y": [2.88, "1.09", 2.65, 3.2], "Coffee": [122.2, "-0.73", 113.45, 155.4], "Feeder Cattle": [149.0, "0.24", 121.7, 161.0], "Lean Hogs": [72.775, "0.07", 55.25, 92.825], "Dollar IDX": [90.456, "-0.09", 90.113, 98.665], "WTI Crude": [63.76, "-0.33", 42.53, 64.82], "Corn": [369.0, "-0.07", 329.25, 392.0], "Brazil - Ibovespa": [81290.8516, "0.13", 60315.0, 81367.375], "USD/CNY": [6.4174, "-0.24", 6.4149, 6.9313], "Germany - DAX": [13258.48, "0.57", 11479.78, 13525.56], "S&P500": [2799.56, "-0.11", 2257.02, 2807.54], "10Y": [2.61, "1.05", 2.03, 2.62], "USD/BRL": [3.2055, "-0.56", 3.0413, 3.4052], "Brent Crude": [69.03, "-0.5", 44.82, 70.26], "USD/NZD": [1.3667, "-0.7", 1.3229, 1.4722], "Australia - ASX": [6014.6, "-0.02", 5582.7, 6150.0], "Silver": [17.11, "-0.3", 15.48, 18.5], "USD/MXN": [18.609, "-0.35", 17.4368, 22.0289], "USD/CAD": [1.24629, "0.1", 1.2062, 1.3792], "USD/GBP": [0.72055, "-0.49", 0.71986, 0.8255], "USD/ARS": [18.825, "-0.04", 15.079, 19.185], "South Korea - Kospi": [2515.81, "0.02", 2052.29, 2561.63], "DJIA": [26075.27, "-0.15", 19677.94, 26153.42], "Consumer Staples": [57.49, "-0.12", 52.12, 57.77], "USD/HKD": [7.817, "-0.01", 7.7555, 7.8289], "USD/AUD": [1.2498, "-0.54", 1.2309, 1.3642], "USD/SEK": [8.01601, "-0.53", 7.8882, 9.0982], "NASDAQ": [7279.82, "-0.25", 5522.6899, 7330.3301], "Materials": [62.89, "-0.08", 50.45, 63.66], "USD/SGD": [1.3206, "-0.42", 1.3182, 1.4311], "Technology": [67.53, "-0.03", 49.44, 67.79], "Healthcare": [87.86, "-0.26", 68.75, 88.28], "Bitcoin": [12048.193359, "10.84", 878.9973, 20000.0], "Wheat": [424.75, "0.77", 387.25, 540.5], "RUS2K": [1583.3, "-0.21", 1335.040039, 1604.02002], "France - CAC": [5491.22, "-0.05", 4733.82, 5536.4], "USD/NOK": [7.82637, "-0.79", 7.6999, 8.7161], "Copper": [3.201, "0.38", 2.4845, 3.286], "JPM": [113.66, "0.59", 81.64, 113.72], "US Commodity IDX": [42.76, "0.12", 36.98, 42.97], "Gold": [1331.7, "-0.56", 1188.1, 1350.1], "USD/CHF": [0.95912, "-0.69", 0.9422, 1.0169], "Telecom": [70.1279, "0", 65.1, 74.64], "UK - FTSE": [7691.93, "-0.43", 7093.6, 7792.6], "Consumer Discretionary": [104.61, "-0.16", 83.47, 106.02], "MCD": [174.33, "-0.37", 119.82, 175.78], "KO": [46.84, "0.04", 40.22, 47.48], "Cocoa": [1988.0, "0.15", 1793.0, 2233.0], "Utilities": [50.32, "-0.28", 48.11, 57.23], "USD/EUR": [0.8158, "-0.68", 0.8116, 0.9527], "Financials": [29.43, "0.2", 22.89, 29.53], "Soybean": [973.25, "0.46", 903.5, 1074.0], "Real Estate": [31.29, "-0.73", 30.32, 34.02], "JNJ": [147.23, "0.17", 110.76, 148.32], "VIX": [11.72, "-1.6", 8.56, 17.28], "USD/DKK": [6.07763, "-0.65", 6.0443, 7.0823], "Energy": [76.81, "-0.39", 61.8, 77.65], "XOM": [87.77, "-0.26", 76.05, 88.21], "Cotton": [83.69, "1.89", 66.54, 85.32]}