{"Platinum": [917.2, "-2.49", 0.0, 0.0], "Industrials": [73.57, "-0.86", 62.02, 75.1], "5Y": [2.15, "0.14", 1.62, 2.17], "DJ Real Estate IDX": [320.0, "-1.2", 295.1, 2998.4], "Natural Gas": [2.91, "-4.93", 2.575, 3.88], "Eurostoxx": [3570.57, "-0.16", 3100.76, 3697.4], "AAPL": [169.64, "-0.09", 109.16, 176.24], "MSCI Emerging": [45.9, "-0.07", 33.94, 47.93], "USD/IDR": [13516.0, "-0.06", 13099.0, 13647.0], "Sugar": [14.85, "-0.6", 12.55, 21.18], "USD/KRW": [1085.9, "0.36", 1073.33, 1213.73], "USD/JPY": [112.58, "0.4", 107.322, 118.647], "USD/INR": [64.349, "-0.25", 63.563, 68.493], "DJIA": [24180.64, "-0.45", 19184.74, 24534.04], "USD/TRY": [3.8397, "-1.91", 3.3407, 3.9808], "3M": [1.28, "3.05", 0.42, 1.29], "CAC": [5375.53, "-0.26", 4558.9, 5536.4], "USD/ZAR": [13.4399, "-1.86", 12.2981, 14.5708], "Live Cattle": [120.4, "-1.29", 104.05, 138.0], "USD/RUB": [58.7227, "-0.25", 55.515, 63.9663], "Heating Oil": [1.9027, "-1.99", 1.3648, 1.9529], "30Y": [2.73, "-1.34", 2.65, 3.2], "Coffee": [126.5, "-0.82", 113.45, 155.4], "Feeder Cattle": [147.725, "-1.73", 121.7, 161.0], "Lean Hogs": [70.35, "-0.53", 51.65, 92.825], "Dollar IDX": [93.324, "0.47", 93.035, 98.665], "WTI Crude": [57.45, "-1.56", 42.53, 58.95], "FTSE": [7327.5, "-0.16", 6723.1, 7599.0], "Corn": [353.5, "-1.46", 329.25, 392.0], "USD/CNY": [6.6169, "0.05", 6.436, 7.481], "S&P500": [2629.57, "-0.37", 2202.21, 2665.19], "10Y": [2.36, "-0.97", 2.03, 2.62], "USD/BRL": [3.2412, "-0.37", 3.0413, 3.4614], "Hang Seng": [28842.8, "-1.01", 21488.82, 30199.69], "Brent Crude": [62.66, "-1.68", 44.82, 64.27], "USD/NZD": [1.454, "0.17", 1.3229, 1.4722], "DAX": [13048.54, "-0.08", 10668.67, 13525.56], "Silver": [16.12, "-1.6", 15.48, 18.5], "USD/MXN": [18.761, "0.79", 17.4368, 22.0289], "USD/CAD": [1.26951, "0.14", 1.2062, 1.3792], "USD/GBP": [0.74383, "0.21", 0.7344, 0.8337], "USD/ARS": [17.279, "0.44", 15.079, 17.826], "Canada S&P/TSX": [15919.43, "-0.31", 14915.8, 16131.8], "Consumer Staples": [56.63, "-0.16", 50.58, 57.36], "USD/HKD": [7.81637, "0.06", 7.7531, 7.8274], "USD/AUD": [1.3144, "0.19", 1.2309, 1.3965], "USD/SEK": [8.36341, "0.29", 7.8882, 9.4462], "NASDAQ": [6762.21, "-0.19", 5299.94, 6914.19], "Materials": [59.38, "-0.5", 49.5, 60.17], "USD/SGD": [1.34708, "0.11", 1.3346, 1.4542], "Technology": [62.51, "0.03", 47.06, 64.77], "Healthcare": [82.14, "-0.17", 66.97, 84.31], "Bitcoin": [11764.706055, "0", 752.8023, 11904.761719], "Wheat": [431.5, "-1.6", 385.0, 540.5], "RUS2K": [1516.76, "-1.32", 1334.300049, 1559.609985], "XOM": [82.89, "-0.81", 76.05, 93.22], "Kospi": [2510.12, "0.34", 1976.51, 2561.63], "USD/NOK": [8.26077, "-0.4", 7.6999, 8.7391], "Copper": [2.928, "-4.49", 2.472, 3.2235], "JPM": [105.72, "-1.15", 81.64, 108.4], "Gold": [1265.9, "-1.01", 1128.5, 1350.1], "USD/CHF": [0.98734, "1.19", 0.9422, 1.0332], "Telecom": [69.03, "-0.72", 65.1, 74.64], "Nikkei": [22622.38, "-0.37", 18345.0, 22960.0], "Consumer Discretionary": [97.17, "-0.57", 81.15, 98.37], "MCD": [172.99, "1.37", 118.18, 174.25], "KO": [46.26, "0.06", 40.22, 47.48], "Cocoa": [1935.0, "-5.15", 1793.0, 2356.0], "Utilities": [55.38, "-1.27", 46.66, 57.23], "USD/EUR": [0.8453, "0.61", 0.8269, 0.9664], "Soybean": [1009.5, "1.53", 903.5, 1074.0], "Real Estate": [32.94, "-0.39", 30.01, 34.02], "JNJ": [139.67, "0.47", 109.32, 144.35], "VIX": [11.33, "-3.0", 8.56, 17.28], "Ibovespa": [72546.1719, "-0.74", 56829.0, 78024.0], "USD/DKK": [6.29205, "0.6", 6.1534, 7.1856], "Energy": [69.34, "-0.45", 61.8, 78.45], "Financials": [27.85, "-0.54", 22.84, 28.2], "Cotton": [75.42, "-0.01", 66.54, 85.32]}