{"Platinum": [920.7, "-0.09", 0.0, 0.0], "Industrials": [75.33, "0.01", 62.02, 75.6], "5Y": [2.25, "1.13", 1.62, 2.25], "DJ Real Estate IDX": [317.4, "0.32", 298.1, 327.5], "Natural Gas": [2.618, "-0.72", 2.575, 3.88], "Eurostoxx": [3551.82, "-0.02", 3230.68, 3697.4], "AAPL": [174.98, "0.36", 114.76, 177.2], "MSCI Emerging": [46.075, "0.58", 33.94, 47.93], "USD/IDR": [13553.0, "-0.15", 13099.0, 13647.0], "Sugar": [14.72, "1.03", 12.55, 21.18], "USD/KRW": [1078.28, "-0.1", 1073.33, 1213.73], "USD/JPY": [113.36, "0.0", 107.322, 118.593], "USD/INR": [63.9882, "-0.19", 63.563, 68.493], "DJIA": [24801.86, "0.3", 19677.94, 24876.07], "USD/TRY": [3.8226, "0.07", 3.3892, 3.9808], "3M": [1.35, "-0.22", 0.42, 1.37], "CAC": [5355.76, "0.06", 4733.82, 5536.4], "USD/ZAR": [12.7442, "-0.0", 12.2981, 14.5708], "Live Cattle": [120.175, "0.19", 104.05, 138.0], "USD/RUB": [58.4988, "-0.34", 55.515, 61.5856], "Heating Oil": [1.9412, "-0.15", 1.3648, 1.9529], "30Y": [2.87, "1.6", 2.65, 3.2], "Coffee": [121.5, "-1.34", 113.45, 155.4], "Feeder Cattle": [144.25, "-2.57", 121.7, 161.0], "Lean Hogs": [68.775, "0.58", 55.25, 92.825], "Dollar IDX": [93.398, "0.09", 93.273, 98.665], "WTI Crude": [57.68, "-0.71", 42.53, 58.95], "FTSE": [7573.33, "0.64", 7020.1, 7599.0], "DJ Commodity IDX": [602.4745, "-0.23", 601.8338, 604.2431], "Corn": [349.25, "0", 329.25, 392.0], "USD/CNY": [6.5836, "0.1", 6.436, 6.9604], "S&P500": [2684.88, "0.21", 2233.62, 2694.97], "10Y": [2.5, "1.3", 2.03, 2.62], "USD/BRL": [3.3049, "0.22", 3.0413, 3.4052], "Hang Seng": [29367.06, "0.45", 21488.82, 30199.69], "Brent Crude": [64.32, "-0.37", 44.82, 64.69], "USD/NZD": [1.4255, "-0.12", 1.3229, 1.4722], "DAX": [13068.07, "-0.01", 11404.82, 13525.56], "Silver": [16.2, "-0.46", 15.48, 18.5], "USD/MXN": [19.3076, "0.43", 17.4368, 22.0289], "USD/CAD": [1.27437, "-0.69", 1.2062, 1.3792], "USD/GBP": [0.7487, "0.1", 0.7344, 0.8337], "USD/ARS": [17.82, "0.49", 15.079, 17.881], "Canada S&P/TSX": [16159.67, "0.16", 14915.8, 16200.8], "Consumer Staples": [56.8, "-0.04", 51.35, 57.36], "USD/HKD": [7.81852, "-0.05", 7.7531, 7.8291], "USD/AUD": [1.3006, "-0.27", 1.2309, 1.3965], "USD/SEK": [8.4044, "0.15", 7.8882, 9.249], "NASDAQ": [6974.96, "0.2", 5371.8901, 7003.8901], "Materials": [60.03, "0.22", 49.5, 60.19], "USD/SGD": [1.34514, "0.1", 1.3346, 1.4542], "Technology": [64.85, "0.22", 48.21, 65.2], "Healthcare": [83.51, "0.17", 68.48, 84.31], "Bitcoin": [16393.443359, "-4.92", 752.8023, 20000.0], "Wheat": [423.75, "0.06", 387.25, 540.5], "RUS2K": [1540.08, "0.22", 1335.040039, 1559.609985], "XOM": [83.045, "0.21", 76.05, 91.34], "Kospi": [2429.83, "-1.72", 2016.25, 2561.63], "USD/NOK": [8.38489, "-0.25", 7.6999, 8.7391], "Copper": [3.195, "-0.03", 2.472, 3.2235], "JPM": [106.945, "0.76", 81.64, 108.4], "Gold": [1268.3, "-0.1", 1128.5, 1350.1], "USD/CHF": [0.98969, "0.34", 0.9422, 1.0332], "Telecom": [69.33, "-0.02", 65.1, 74.64], "Nikkei": [22866.1, "-0.11", 18224.68, 23382.15], "Consumer Discretionary": [98.81, "0.28", 81.15, 99.13], "MCD": [172.17, "0", 118.18, 175.78], "KO": [45.9211, "-0.34", 40.22, 47.48], "Cocoa": [1866.0, "-3.37", 1793.0, 2279.0], "Utilities": [52.2, "-1.51", 47.85, 57.23], "USD/EUR": [0.8426, "0.11", 0.8269, 0.9664], "Soybean": [963.0, "-0.16", 903.5, 1074.0], "Real Estate": [32.37, "0.15", 30.01, 34.02], "JNJ": [141.61, "0.32", 110.76, 144.35], "VIX": [9.39, "-6.38", 8.56, 17.28], "Ibovespa": [73553.7266, "0.25", 56829.0, 78024.0], "USD/DKK": [6.27405, "0.08", 6.1534, 7.1856], "Energy": [70.5, "0.24", 61.8, 76.81], "Financials": [28.08, "0.68", 22.85, 28.33], "Cotton": [76.75, "1.37", 66.54, 85.32]}