{"Platinum": [1000.0, "0.93", 0.0, 0.0], "Industrials": [80.09, "0.83", 62.51, 80.13], "5Y": [2.36, "2.12", 1.62, 2.38], "DJ Real Estate IDX": [306.1, "-0.42", 301.1, 327.5], "Natural Gas": [3.129, "1.46", 2.575, 3.425], "Eurostoxx": [3608.44, "0.37", 3230.68, 3697.4], "AAPL": [176.72, "0.82", 118.22, 177.2], "MSCI Emerging": [49.38, "0.68", 36.2, 49.39], "USD/IDR": [13350.0, "-0.34", 13099.0, 13647.0], "Sugar": [14.07, "-0.78", 12.55, 21.18], "USD/KRW": [1061.06, "-0.29", 1057.8, 1186.98], "USD/JPY": [111.41, "0.18", 107.322, 115.521], "USD/INR": [63.5759, "-0.18", 63.21, 68.29], "DJIA": [25763.37, "0.74", 19677.94, 25775.84], "USD/TRY": [3.7516, "-0.6", 3.3892, 3.9808], "3M": [1.41, "0.5", 0.47, 1.43], "CAC": [5510.08, "0.39", 4733.82, 5536.4], "USD/ZAR": [12.445, "0.63", 12.104, 14.571], "Live Cattle": [118.5, "-0.32", 104.05, 138.0], "USD/RUB": [56.5452, "0.04", 55.515, 60.8113], "Heating Oil": [2.0737, "-0.14", 1.3648, 2.088], "30Y": [2.88, "0.35", 2.65, 3.2], "Coffee": [122.1, "-0.57", 113.45, 155.4], "Feeder Cattle": [144.4, "-0.43", 121.7, 161.0], "Lean Hogs": [71.15, "0.25", 55.25, 92.825], "Dollar IDX": [91.323, "-0.58", 91.243, 98.665], "WTI Crude": [63.58, "-0.34", 42.53, 63.8], "FTSE": [7790.61, "0.36", 7093.6, 7790.96], "Corn": [365.5, "0.14", 329.25, 392.0], "USD/CNY": [6.4606, "-0.67", 6.436, 6.9313], "S&P500": [2781.39, "0.5", 2257.02, 2781.82], "10Y": [2.57, "1.46", 2.03, 2.62], "USD/BRL": [3.2124, "-0.05", 3.0413, 3.4052], "Hang Seng": [31412.54, "0.94", 22657.35, 31412.54], "Brent Crude": [69.18, "-0.12", 44.82, 69.26], "USD/NZD": [1.381, "0.39", 1.3229, 1.4722], "DAX": [13217.44, "0.11", 11425.14, 13525.56], "Silver": [17.11, "0.85", 15.48, 18.5], "USD/MXN": [19.041, "-1.1", 17.4368, 22.0289], "USD/CAD": [1.25097, "-0.09", 1.2062, 1.3792], "USD/GBP": [0.73138, "-0.97", 0.73061, 0.8337], "USD/ARS": [18.715, "0.18", 15.079, 19.185], "Canada S&P/TSX": [16287.7, "0.0", 14915.8, 16421.4], "Consumer Staples": [56.8469, "0.38", 51.39, 57.36], "USD/HKD": [7.82336, "0.01", 7.7536, 7.8289], "USD/AUD": [1.2684, "0.17", 1.2309, 1.3642], "USD/SEK": [8.10157, "-0.31", 7.8882, 9.0982], "NASDAQ": [7242.43, "0.43", 5522.6899, 7243.4829], "Materials": [63.355, "0.1", 50.45, 63.55], "USD/SGD": [1.32792, "-0.03", 1.3252, 1.4335], "Technology": [66.7, "0.42", 49.36, 66.7], "Healthcare": [86.78, "0.72", 68.75, 86.79], "Bitcoin": [13698.629883, "0", 775.7772, 20000.0], "Wheat": [434.75, "0.35", 387.25, 540.5], "RUS2K": [1589.42, "0.17", 1335.040039, 1589.947998], "XOM": [87.63, "0.81", 76.05, 87.99], "Kospi": [2496.42, "0.34", 2052.29, 2561.63], "USD/NOK": [7.95769, "-0.65", 7.6999, 8.7161], "Copper": [3.2275, "-0.17", 2.4845, 3.286], "JPM": [111.88, "0.94", 81.64, 112.24], "US Commodity IDX": [42.5698, "0.02", 36.98, 42.97], "Gold": [1329.5, "0.53", 1188.1, 1350.1], "USD/CHF": [0.97192, "-0.32", 0.9422, 1.0169], "Telecom": [70.3617, "0.47", 65.1, 74.64], "Nikkei": [23653.82, "-0.24", 18224.68, 23952.61], "Consumer Discretionary": [104.49, "0.77", 83.47, 104.55], "MCD": [173.46, "0.04", 119.82, 175.78], "KO": [46.26, "0.48", 40.22, 47.48], "Cocoa": [1922.0, "-0.31", 1793.0, 2235.0], "Utilities": [50.53, "-0.04", 48.11, 57.23], "USD/EUR": [0.0, "0", 0.0, 0.0], "Soybean": [946.75, "-0.34", 903.5, 1074.0], "Real Estate": [31.25, "-0.53", 30.32, 34.02], "JNJ": [146.13, "0.93", 110.76, 146.42], "VIX": [9.9, "0.2", 8.56, 17.28], "Ibovespa": [79150.6562, "-0.27", 60315.0, 79440.4688], "USD/DKK": [6.13632, "-0.79", 6.1274, 7.0823], "Energy": [77.15, "0.61", 61.8, 77.405], "Financials": [29.105, "0.47", 22.85, 29.14], "Cotton": [81.99, "-0.8", 66.54, 85.32]}