{"Platinum": [971.0, "0.9", 0.0, 0.0], "Industrials": [77.14, "0.79", 62.37, 77.15], "5Y": [2.27, "0.89", 1.62, 2.29], "DJ Real Estate IDX": [316.5, "-0.94", 301.1, 327.5], "Natural Gas": [2.879, "-4.29", 2.575, 3.425], "Eurostoxx": [3568.88, "1.68", 3230.68, 3697.4], "AAPL": [173.08, "0.49", 115.81, 177.2], "MSCI Emerging": [48.685, "0.44", 35.84, 48.78], "USD/IDR": [13422.0, "-0.36", 13099.0, 13647.0], "Sugar": [15.2, "-0.72", 12.55, 21.18], "USD/KRW": [1060.85, "-0.22", 1058.65, 1208.6], "USD/JPY": [112.77, "0.2", 107.322, 117.524], "USD/INR": [63.368, "-0.12", 63.32, 68.493], "DJIA": [25088.21, "0.66", 19677.94, 25105.96], "USD/TRY": [3.745, "-0.95", 3.3892, 3.9808], "3M": [1.37, "0", 0.47, 1.43], "CAC": [5413.69, "1.55", 4733.82, 5536.4], "USD/ZAR": [12.298, "-0.41", 12.1036, 14.5708], "Live Cattle": [123.65, "-0.58", 104.05, 138.0], "USD/RUB": [56.906, "-0.44", 55.515, 60.8113], "Heating Oil": [2.0771, "-0.52", 1.3648, 2.088], "30Y": [2.79, "0.04", 2.65, 3.2], "Coffee": [129.55, "0.74", 113.45, 155.4], "Feeder Cattle": [148.275, "-0.97", 121.7, 161.0], "Lean Hogs": [71.5, "0.63", 55.25, 92.825], "Dollar IDX": [91.867, "-0.32", 91.798, 98.665], "WTI Crude": [61.97, "0.55", 42.53, 61.63], "FTSE": [7695.88, "0.32", 7093.6, 7702.51], "Corn": [351.25, "-0.5", 329.25, 392.0], "USD/CNY": [6.4914, "-0.18", 6.436, 6.937], "S&P500": [2726.91, "0.51", 2254.25, 2729.29], "10Y": [2.45, "0.25", 2.03, 2.62], "USD/BRL": [3.2297, "-0.22", 3.0413, 3.4052], "Hang Seng": [30736.48, "0.57", 20028.29, 30796.93], "Brent Crude": [68.01, "0.25", 44.82, 67.84], "USD/NZD": [1.3964, "-0.96", 1.3229, 1.4722], "DAX": [13167.89, "1.46", 11425.14, 13525.56], "Silver": [17.28, "0.1", 15.48, 18.5], "USD/MXN": [19.2529, "-0.48", 17.4368, 22.0289], "USD/CAD": [1.2494, "-0.37", 1.2062, 1.3792], "USD/GBP": [0.7379, "-0.3", 0.7344, 0.8337], "USD/ARS": [18.61, "0.93", 15.079, 19.185], "Canada S&P/TSX": [16413.28, "0.25", 14915.8, 16416.56], "Consumer Staples": [56.78, "0.46", 51.35, 57.36], "USD/HKD": [7.81823, "0.03", 7.7534, 7.8289], "USD/AUD": [1.2717, "-0.37", 1.2309, 1.3738], "USD/SEK": [8.13117, "-0.57", 7.8882, 9.152], "NASDAQ": [7081.07, "0.22", 5464.3599, 7098.0464], "Materials": [62.42, "0.96", 50.33, 62.49], "USD/SGD": [1.32731, "-0.16", 1.3261, 1.4436], "Technology": [65.65, "0.57", 48.85, 65.78], "Healthcare": [84.67, "0.31", 68.75, 84.835], "Bitcoin": [14925.373047, "0", 752.8023, 20000.0], "Wheat": [435.25, "-0.17", 387.25, 540.5], "RUS2K": [1557.64, "0.33", 1335.040039, 1560.839966], "XOM": [86.74, "0.05", 76.05, 90.3], "Kospi": [2466.46, "-0.8", 2039.49, 2561.63], "USD/NOK": [8.05926, "-0.57", 7.6999, 8.7161], "Copper": [3.261, "0.11", 2.4845, 3.286], "JPM": [109.31, "1.68", 81.64, 110.03], "US Commodity IDX": [42.79, "-0.28", 36.98, 42.969], "Gold": [1324.6, "0.46", 1164.2, 1350.1], "USD/CHF": [0.97461, "-0.26", 0.9422, 1.0247], "Telecom": [69.4284, "0.27", 65.1, 74.64], "Nikkei": [23506.33, "3.26", 18345.0, 23190.0], "Consumer Discretionary": [100.929, "0.28", 82.44, 101.07], "MCD": [173.744, "0.73", 118.52, 175.78], "KO": [46.095, "1.44", 40.22, 47.48], "Cocoa": [1885.0, "-1.15", 1793.0, 2262.0], "Utilities": [51.495, "-0.55", 47.85, 57.23], "USD/EUR": [0.8282, "-0.48", 0.8269, 0.9563], "Soybean": [958.5, "-0.13", 903.5, 1074.0], "Real Estate": [32.36, "-1.22", 30.32, 34.02], "JNJ": [140.76, "0.14", 110.76, 144.35], "VIX": [9.13, "-0.22", 8.56, 17.28], "Ibovespa": [78539.9297, "0.7", 60315.0, 79134.8281], "USD/DKK": [6.16874, "-0.46", 6.1534, 7.1105], "Energy": [74.87, "0.43", 61.8, 76.34], "Financials": [28.4, "1.18", 22.85, 28.54], "Cotton": [79.27, "1.49", 66.54, 85.32]}