{"USD/EUR": [0.9681, "0", 0.841467519353753, 0.997207818109294], "USD/JPY": [132.366, "-2.09", 109.15, 139.25], "USD/GBP": [0.8179, "0", 0.7209, 0.8485], "USD/CAD": [1.2797, "0", 0.0, 0.0], "USD/CHF": [0.9408, "-1.41", 0.9103, 1.0049], "USD/AUD": [1.4124, "-1.74", 1.3129, 1.4921], "USD/NZD": [1.5617, "-1.85", 1.3868, 1.6426], "USD/SEK": [0.0, "0", 8.513, 10.612], "USD/NOK": [9.5683, "0", 8.3179, 10.3029], "USD/DKK": [7.2047, "0", 6.2587, 7.4453], "USD/MXN": [19.9565, "-1.47", 19.555, 21.853], "USD/BRL": [5.0538, "0", 4.6171, 5.7475], "USD/CNY": [0.0, "0", 6.3084, 6.7872], "USD/SGD": [1.3693, "0", 1.3397, 1.4068], "USD/KRW": [1299.125, "-0.67", 1152.255, 1326.35], "USD/RUB": [61.2499, "0", 69.6189, 111.1005], "USD/HKD": [7.8474, "0", 7.7706, 7.85], "USD/ZAR": [16.151, "0", 14.1275, 17.235], "USD/TRY": [17.9207, "0", 8.281, 17.9987], "USD/INR": [79.1242, "0", 72.933, 80.055], "USD/IDR": [14787.7, "0", 0.0, 0.0], "S&P500": [4183.3, "1.48", 3636.87, 4818.62], "DJIA": [33247.25, "1.44", 29653.29, 36952.65], "NASDAQ": [12719.21, "1.8", 10565.14, 16212.23], "RUS2K": [1954.19, "2.16", 1641.47, 2458.86], "Eurostoxx": [3741.93, "0.71", 0.0, 0.0], "MSCI Emerging": [0.0, "0", 38.05, 53.58], "UK - FTSE": [7494.51, "0.08", 0.0, 0.0], "Germany - DAX": [13660.45, "0.93", 0.0, 0.0], "France - CAC": [6523.88, "0.52", 0.0, 0.0], "Canada - S&P/TSX": [0.0, "0", 0.0, 0.0], "Japan - Nikkei": [27819.33, "-0.65", 0.0, 0.0], "Hong Kong - Hang Seng": [19610.84, "-1.96", 0.0, 0.0], "South Korea - Kospi": [2480.88, "-0.9", 0.0, 0.0], "Australia - ASX": [6992.7, "-0.53", 0.0, 0.0], "China - Shanghai Composite": [3230.02, "-0.54", 0.0, 0.0], "Brazil - Ibovespa": [110053.25, "1.29", 0.0, 0.0], "Russia - MOEX": [0.0, "0", 0.0, 0.0], "Belgium - Bel 20": [3839.93, "0.75", 0.0, 0.0], "India - BSE SENSEX": [58817.29, "-0.06", 0.0, 0.0], "WTI Crude": [88.86, "-1.81", 0.0, 0.0], "Brent Crude": [94.46, "-1.92", 0.0, 0.0], "Natural Gas": [7.876, "0.55", 0.0, 0.0], "Heating Oil": [3.2728, "-1.83", 0.0, 0.0], "Gold": [1813.0, "0.04", 0.0, 0.0], "Silver": [20.69, "1.02", 0.0, 0.0], "Copper": [3.6435, "1.62", 0.0, 0.0], "Platinum": [939.8, "0.73", 0.0, 0.0], "Corn": [623.25, "1.51", 0.0, 0.0], "Sugar": [18.19, "1.17", 0.0, 0.0], "Wheat": [875.0, "1.95", 0.0, 0.0], "Coffee": [215.25, "2.99", 0.0, 0.0], "Soybean": [1446.5, "1.24", 0.0, 0.0], "Cotton": [106.8, "2.16", 0.0, 0.0], "Cocoa": [2434.0, "1.25", 0.0, 0.0], "Lumber": [590.0, "6.73", 0.0, 0.0], "Live Cattle": [144.0, "0.58", 0.0, 0.0], "Lean Hogs": [122.2, "0.0", 0.0, 0.0], "Feeder Cattle": [0.0, "0", 0.0, 0.0], "3M": [2118.56, "1.95", 0.015, 2.363], "5Y": [1024.18, "0.97", 0.606, 3.596], "10Y": [118.23, "0.29", 1.223, 3.483], "30Y": [12644.46, "-0.1", 1.678, 3.472], "VIX": [20.16, "-7.4", 14.73, 38.94], "Dollar IDX": [0.0, "0", 91.95, 109.29], "DJ Real Estate IDX": [392.2, "1.24", 336.86, 456.48], "S&P GSCI Commodity IDX": [648.9, "-0.96", 493.99, 853.27], "Bitcoin": [23880.9, "0", 0.0, 0.0], "AAPL": [167.12, "1.33", 129.04, 182.94], "AMZN": [0.0, "0", 101.26, 188.11], "MSFT": [287.38, "1.8", 241.51, 349.67], "GOOG": [119.98, "2.11", 102.21, 152.1], "FB": [0.0, "0", 0.0, 0.0], "JPM": [118.39, "2.61", 106.06, 172.96], "XOM": [89.43, "-1.28", 52.1, 105.57], "MCD": [262.37, "0.89", 217.68, 271.15], "WMT": [128.98, "0.09", 117.27, 160.77], "Technology": [146.92, "1.81", 122.47, 177.04], "Financials": [34.52, "2.01", 30.37, 41.7], "Healthcare": [132.43, "0.81", 118.75, 143.42], "Industrials": [97.47, "1.81", 84.28, 107.88], "Consumer Discretionary": [165.62, "1.97", 133.04, 215.06], "Consumer Staples": [75.12, "0.85", 68.22, 81.34], "Energy": [73.72, "-1.38", 45.14, 93.31], "Utilities": [75.55, "0", 63.37, 77.23], "Real Estate": [44.9, "1.15", 38.63, 52.17], "Materials": [79.08, "2.49", 69.98, 92.31], "Telecom": [88.68, "1.84", 74.18, 103.94], "SPY": [417.37, "1.46", 362.17, 479.98], "VB": [199.61, "1.91", 169.62, 241.06], "VWO": [41.68, "0.72", 39.57, 53.45], "VPL": [67.22, "0", 61.39, 85.7], "VGK": [56.01, "2.15", 49.75, 70.7], "VNQ": [99.99, "1.27", 86.63, 116.71]}