{"Platinum": [967.6, "1.02", 0.0, 0.0], "Japan - Nikkei": [21181.64, "-2.5", 18224.68, 24129.34], "Industrials": [75.01, "-0.19", 63.55, 80.96], "5Y": [2.62, "1.67", 1.62, 2.68], "DJ Real Estate IDX": [286.7, "-0.86", 285.1, 327.5], "Natural Gas": [2.703, "0.18", 2.57, 3.545], "Eurostoxx": [3324.75, "-2.19", 3316.75, 3697.4], "AAPL": [175.5, "0.29", 137.05, 180.62], "MSCI Emerging": [47.96, "0.05", 37.39, 52.08], "USD/IDR": [13753.0, "0.07", 13099.0, 13808.0], "Sugar": [13.46, "-1.82", 12.55, 19.66], "USD/KRW": [1079.04, "-0.2", 1055.21, 1160.83], "USD/JPY": [105.54, "-0.52", 105.23, 115.488], "Canada - S&P/TSX": [15362.09, "-0.21", 14785.8, 16421.4], "USD/INR": [65.2051, "-0.02", 63.21, 66.885], "Hong Kong - Hang Seng": [30583.45, "-1.48", 23438.86, 33484.08], "USD/TRY": [3.8101, "0.07", 3.3892, 3.9808], "3M": [1.6, "0.94", 0.63, 1.64], "USD/ZAR": [11.9237, "0.54", 11.4971, 14.5708], "Live Cattle": [122.175, "-0.93", 104.05, 138.0], "USD/RUB": [56.8203, "0.01", 55.305, 60.8113], "Heating Oil": [1.8801, "-0.29", 1.3648, 2.136], "30Y": [3.12, "1.2", 2.65, 3.22], "Coffee": [120.95, "-1.22", 113.45, 143.5], "Feeder Cattle": [143.575, "-1.02", 123.65, 161.0], "Lean Hogs": [67.55, "0", 55.25, 92.825], "Dollar IDX": [89.953, "-0.41", 89.879, 98.665], "WTI Crude": [61.18, "0.31", 42.53, 66.14], "Corn": [385.25, "-0.26", 329.25, 392.0], "Brazil - Ibovespa": [85029.6562, "-0.41", 60315.0, 88318.0], "USD/CNY": [6.3427, "-0.22", 6.2462, 6.9313], "Germany - DAX": [11913.71, "-2.27", 11850.27, 13596.89], "S&P500": [2681.07, "0.13", 2322.25, 2872.87], "10Y": [2.85, "1.71", 2.03, 2.94], "USD/BRL": [3.2518, "0.02", 3.0535, 3.4052], "Brent Crude": [64.29, "0.72", 44.82, 70.53], "USD/NZD": [1.3824, "0.49", 1.3229, 1.4722], "Australia - ASX": [5928.9, "-0.74", 5629.8, 6150.0], "Silver": [16.53, "1.59", 15.48, 18.5], "USD/MXN": [18.8418, "0.01", 17.4368, 20.084], "USD/CAD": [1.29004, "0.56", 1.2062, 1.3792], "USD/GBP": [0.72518, "-0.07", 0.6974, 0.8255], "USD/ARS": [20.257, "0.63", 15.079, 20.278], "South Korea - Kospi": [2402.16, "-1.04", 2067.68, 2607.1], "DJIA": [24476.61, "-0.54", 20379.55, 26616.71], "Consumer Staples": [53.46, "0.32", 52.43, 58.95], "USD/HKD": [7.82918, "0.03", 7.7594, 7.83144], "USD/AUD": [1.289, "0.12", 1.2291, 1.3642], "USD/SEK": [8.25425, "0.17", 7.8266, 9.0982], "NASDAQ": [7224.85, "0.62", 5769.3901, 7505.77], "Materials": [58.91, "-0.19", 51.04, 64.17], "USD/SGD": [1.31868, "-0.28", 1.3013, 1.4214], "Technology": [67.39, "0.52", 52.33, 69.71], "Healthcare": [83.46, "0.8", 72.33, 91.79], "Bitcoin": [10869.56543, "-2.17", 891.9811, 20000.0], "Wheat": [498.75, "-3.25", 387.25, 540.5], "RUS2K": [1524.9, "1.16", 1335.040039, 1615.52002], "France - CAC": [5136.58, "-2.39", 4933.77, 5567.03], "USD/NOK": [7.78021, "-0.7", 7.6377, 8.7161], "Copper": [3.1035, "0.13", 2.4845, 3.286], "JPM": [112.65, "-0.69", 81.64, 119.33], "US Commodity IDX": [42.41, "-0.17", 36.98, 43.89], "Gold": [1323.8, "1.43", 1198.0, 1357.8], "USD/CHF": [0.93674, "-0.47", 0.9189, 1.0169], "Telecom": [69.58, "1.16", 65.1, 74.64], "UK - FTSE": [7069.9, "-1.47", 7063.42, 7792.6], "Consumer Discretionary": [102.69, "-0.25", 85.65, 109.34], "MCD": [148.13, "-4.86", 127.34, 178.7], "KO": [43.43, "0", 41.74, 48.62], "Cocoa": [2250.0, "-0.88", 1793.0, 2270.0], "Utilities": [48.81, "-0.52", 47.37, 57.23], "USD/EUR": [0.8108, "-0.44", 0.7963, 0.9521], "Financials": [28.33, "-0.16", 22.89, 30.33], "Soybean": [1069.5, "0.14", 903.5, 1056.5], "Real Estate": [29.77, "-0.63", 29.17, 34.02], "JNJ": [128.5, "0.96", 120.95, 148.32], "VIX": [21.54, "-4.14", 8.56, 50.3], "USD/DKK": [6.04058, "-0.44", 5.9332, 7.0771], "Energy": [66.6861, "0.07", 61.8, 78.39], "XOM": [75.2, "0", 73.9, 89.3], "Cotton": [82.5, "-0.08", 66.54, 85.32]}