{"USD/EUR": [0.8478, "0.02", 0.8133387555917039, 0.8607333448097779], "USD/JPY": [109.8275, "-0.22", 102.59, 111.656], "USD/GBP": [0.7265, "0", 0.7037, 0.7871], "USD/CAD": [1.2624, "0", 1.2019, 1.3409], "USD/CHF": [0.9116, "0", 0.8795, 0.9433], "USD/AUD": [1.3676, "0", 1.2571, 1.4259], "USD/NZD": [1.4264, "0", 1.3446, 1.5323], "USD/SEK": [8.6447, "0", 8.1663, 9.1424], "USD/NOK": [8.683, "0", 8.2073, 9.5825], "USD/DKK": [6.3037, "0.05", 6.0475, 6.4084], "USD/MXN": [20.197, "0", 19.6642, 22.507], "USD/BRL": [5.205, "0", 4.9169, 5.8084], "USD/CNY": [6.4718, "-0.16", 6.3518, 6.8644], "USD/SGD": [1.346, "-0.6", 1.3153, 1.3794], "USD/KRW": [1162.33, "0.06", 1083.665, 1191.06], "USD/RUB": [73.2501, "0.38", 71.541, 80.89], "USD/HKD": [7.7877, "0.01", 7.749, 7.7944], "USD/ZAR": [14.7284, "0", 13.4925, 17.16], "USD/TRY": [8.3537, "0", 6.9549, 8.7758], "USD/INR": [73.4968, "0.06", 72.266, 75.7248], "USD/IDR": [14323.15, "0.03", 13724.6133, 15045.2998], "USD/ARS": [97.4837, "0", 0.0, 0.0], "S&P500": [4509.37, "1.23", 3209.45, 4513.33], "DJIA": [35455.8, "0.88", 26143.77, 35631.19], "NASDAQ": [15129.5, "0.88", 10519.49, 15144.48], "RUS2K": [2277.15, "0.88", 1432.57, 2360.17], "Eurostoxx": [4190.98, "0.37", 2920.87, 4242.26], "MSCI Emerging": [1272.67, "1.24", 42.29, 58.29], "UK - FTSE": [7148.01, "0.69", 5525.5, 7224.5], "Germany - DAX": [15851.75, "0.24", 11450.08, 16030.33], "France - CAC": [6681.92, "0.32", 4512.57, 6913.67], "Canada - S&P/TSX": [20644.64, "0.69", 14783.9, 20662.94], "Japan - Nikkei": [27641.14, "0.59", 22878.71, 30714.52], "Hong Kong - Hang Seng": [25407.89, "0.31", 23124.25, 31183.36], "South Korea - Kospi": [3133.9, "0.69", 2266.93, 3316.08], "Australia - ASX": [7488.3, "0.06", 5763.2, 7632.8], "China - Shanghai Composite": [3522.16, "0.17", 3202.34, 3731.69], "Brazil - Ibovespa": [120677.6, "0.69", 93387.0, 131190.0], "Russia - MOEX": [3887.38, "0.93", 2658.49, 3949.07], "Belgium - Bel 20": [4318.44, "0.51", 2998.54, 4362.04], "India - BSE SENSEX": [56124.72, "0.37", 36495.98, 56198.13], "WTI Crude": [68.67, "1.85", 35.79, 74.05], "Brent Crude": [72.67, "2.25", 37.65, 76.18], "Natural Gas": [4.375, "4.57", 1.845, 3.39], "Heating Oil": [2.1078, "1.18", 1.0768, 2.1623], "Gold": [1820.5, "1.41", 1682.4, 1994.8], "Silver": [24.08, "2.05", 22.79, 29.165], "Copper": [4.3355, "1.78", 2.864, 4.861], "Platinum": [1006.6, "3.19", 844.4, 1283.2], "Corn": [553.5, "0.5", 342.5, 772.0], "Sugar": [20.03, "-0.05", 11.76, 18.78], "Wheat": [723.0, "-0.72", 533.5, 761.0], "Coffee": [191.65, "-0.29", 102.8, 162.35], "Soybean": [1320.0, "-0.47", 950.75, 1660.0], "Cotton": [96.31, "0.04", 63.19, 91.37], "Cocoa": [2572.0, "-0.39", 2257.0, 2878.0], "Lumber": [518.9, "-0.38", 497.0, 1686.0], "Live Cattle": [129.0, "-0.46", 103.175, 124.025], "Lean Hogs": [90.725, "3.21", 53.575, 122.95], "Feeder Cattle": [0.0, "0", 132.55, 142.425], "3M": [0.043, "0", 0.003, 3000.0029], "5Y": [0.8, "-5.1", 0.226, 0.988], "10Y": [1.312, "-2.24", 0.606, 1.765], "30Y": [1.918, "-1.18", 1.322, 2.505], "VIX": [16.39, "0.69", 14.1, 41.16], "Dollar IDX": [92.68, "-0.01", 89.21, 94.74], "DJ Real Estate IDX": [417.1, "0.99", 300.2, 359.2], "US Commodity IDX": [0.0, "0", 0.0, 0.0], "Bitcoin": [48771.6, "-0.34", 9916.49, 64863.1], "AAPL": [148.6, "1.53", 103.1, 151.68], "AMZN": [3349.63, "1.01", 2871.0, 3773.08], "MSFT": [299.72, "1.01", 196.25, 305.84], "GOOG": [2891.01, "1.01", 1406.55, 2900.22], "FB": [372.63, "0.21", 244.13, 377.55], "JPM": [163.05, "1.77", 91.38, 167.44], "XOM": [55.77, "2.63", 31.11, 64.93], "MCD": [237.48, "0.2", 202.73, 247.05], "WMT": [146.52, "0.59", 126.28, 153.66], "Technology": [158.0, "1.33", 109.11, 158.36], "Financials": [39.0, "0.96", 22.94, 39.01], "Healthcare": [134.63, "2.67", 100.31, 136.98], "Industrials": [104.92, "0.96", 74.35, 106.81], "Consumer Discretionary": [181.84, "0.35", 139.03, 184.69], "Consumer Staples": [71.78, "2.67", 61.49, 73.25], "Energy": [49.31, "5.28", 26.98, 56.65], "Utilities": [68.52, "1.33", 56.72, 69.98], "Real Estate": [46.83, "1.05", 33.71, 47.24], "Materials": [85.95, "1.33", 60.93, 89.21], "Telecom": [100.22, "1.2", 65.04, 104.91], "SPY": [450.25, "0.72", 319.8, 450.65], "VB": [227.33, "1.08", 146.88, 228.87], "VWO": [51.45, "1.04", 41.53, 56.66], "VPL": [81.79, "1.26", 66.67, 84.9], "VGK": [69.94, "1.04", 49.17, 70.41], "VNQ": [107.0, "1.69", 75.46, 107.72], "VRP": [26.37, "0.72", 24.22, 26.48]}