{"USD/EUR": [0.876, "0.36", 0.8169267216730659, 0.8931761343336907], "USD/JPY": [114.2075, "0", 103.326, 116.34], "USD/GBP": [0.7311, "0.25", 0.7037, 0.7572], "USD/CAD": [1.2551, "0.33", 1.2019, 1.2836], "USD/CHF": [0.9136, "0.27", 0.8854, 0.9433], "USD/AUD": [1.3857, "0.88", 1.2571, 1.4253], "USD/NZD": [1.4688, "0.78", 1.3446, 1.4899], "USD/SEK": [9.0255, "1.04", 8.241, 9.1708], "USD/NOK": [8.7659, "0.66", 8.2073, 9.1794], "USD/DKK": [6.5196, "0.36", 6.0719, 6.6421], "USD/MXN": [20.2971, "-0.21", 19.6642, 21.853], "USD/BRL": [5.5302, "0.04", 4.9169, 5.8084], "USD/CNY": [6.3526, "-0.11", 6.3337, 6.5764], "USD/SGD": [1.3487, "0.18", 1.3161, 1.3743], "USD/KRW": [1190.55, "0.31", 1097.24, 1204.21], "USD/RUB": [76.2591, "0", 69.214, 78.01], "USD/HKD": [7.785, "-0.04", 7.7502, 7.8044], "USD/ZAR": [15.3794, "-0.13", 13.4925, 16.2238], "USD/TRY": [13.5184, "-0.57", 6.8954, 18.3523], "USD/INR": [74.1607, "0.25", 72.266, 76.4823], "USD/IDR": [14317.55, "0.06", 13579.2002, 14688.0], "USD/ARS": [103.8528, "0.08", 0.0, 0.0], "S&P500": [4662.85, "0.08", 3694.12, 4818.62], "DJIA": [35911.81, "-0.56", 29856.3, 36952.65], "NASDAQ": [14893.75, "0.59", 12397.05, 16212.23], "RUS2K": [2160.71, "0.06", 2066.59, 2458.86], "Eurostoxx": [4271.33, "-1.03", 3473.76, 4415.23], "MSCI Emerging": [0.0, "0", 47.15, 58.29], "UK - FTSE": [7542.95, "-0.28", 6397.2, 7568.16], "Germany - DAX": [15883.24, "-0.93", 13310.95, 16290.19], "France - CAC": [7143.0, "0", 5379.22, 7384.86], "Canada - S&P/TSX": [0.0, "0", 14783.9, 21365.51], "Japan - Nikkei": [28124.28, "-1.28", 26954.81, 30795.78], "Hong Kong - Hang Seng": [24383.32, "-0.19", 22665.25, 31183.36], "South Korea - Kospi": [2921.92, "0", 2822.73, 3316.08], "Australia - ASX": [7393.9, "-1.08", 6517.2, 7632.8], "China - Shanghai Composite": [3521.26, "-0.96", 3312.72, 3731.69], "Brazil - Ibovespa": [106960.03, "1.36", 100075.0, 131190.0], "Russia - MOEX": [3596.98, "0", 3268.52, 4292.68], "Belgium - Bel 20": [4245.85, "-0.26", 3562.31, 4413.91], "India - BSE SENSEX": [61223.03, "0", 46160.46, 62245.43], "WTI Crude": [84.17, "2.5", 52.05, 74.05], "Brent Crude": [86.42, "2.31", 54.75, 76.18], "Natural Gas": [4.239, "-0.73", 2.45, 3.235], "Heating Oil": [2.638, "1.13", 1.576, 2.1623], "Gold": [1816.6, "-0.26", 1682.4, 1908.3], "Silver": [22.97, "-0.83", 24.06, 29.165], "Copper": [4.439, "-2.35", 3.5315, 4.861], "Platinum": [967.3, "-0.5", 1071.8, 1283.2], "Corn": [598.0, "1.79", 500.5, 772.0], "Sugar": [18.33, "1.33", 14.71, 18.78], "Wheat": [746.5, "-1.74", 601.25, 761.0], "Coffee": [239.7, "1.14", 121.1, 162.35], "Soybean": [1369.75, "-0.54", 1307.75, 1660.0], "Cotton": [119.77, "2.51", 77.88, 91.37], "Cocoa": [2680.0, "2.72", 2297.0, 2785.0], "Lumber": [1313.0, "-1.2", 668.0, 1686.0], "Live Cattle": [137.85, "0.62", 112.175, 124.025], "Lean Hogs": [80.85, "3.85", 66.425, 122.95], "Feeder Cattle": [0.0, "0", 132.55, 140.7], "3M": [0.118, "7.27", 0.003, 0.118], "5Y": [1.545, "4.32", 0.4, 1.558], "10Y": [1.772, "3.57", 1.001, 1.808], "30Y": [2.108, "2.58", 1.678, 2.505], "VIX": [19.22, "-5.37", 14.1, 37.51], "Dollar IDX": [0.0, "0", 89.21, 96.94], "DJ Real Estate IDX": [426.82, "-1.01", 325.94, 456.48], "S&P GSCI Commodity IDX": [596.76, "1.13", 424.12, 599.86], "Bitcoin": [43184.2, "1.42", 28893.62, 68789.62], "AAPL": [173.07, "0.51", 116.21, 182.94], "AMZN": [0.0, "0", 2881.0, 3773.08], "MSFT": [310.2, "1.77", 212.03, 349.67], "GOOG": [2795.73, "0.47", 1721.55, 3037.0], "FB": [331.9, "1.66", 247.16, 384.33], "JPM": [157.89, "0", 127.35, 172.96], "XOM": [71.87, "1.76", 44.29, 72.14], "MCD": [257.71, "-1.42", 202.73, 271.15], "WMT": [145.06, "0", 126.28, 152.57], "Technology": [165.76, "0.85", 124.71, 177.04], "Financials": [40.83, "-1.04", 28.82, 41.7], "Healthcare": [134.07, "0", 109.93, 141.98], "Industrials": [105.85, "-0.6", 84.51, 107.88], "Consumer Discretionary": [196.52, "-0.47", 149.65, 215.06], "Consumer Staples": [77.03, "0", 62.99, 78.18], "Energy": [64.51, "0", 38.94, 64.61], "Utilities": [69.4, "0", 58.27, 71.83], "Real Estate": [48.29, "0", 35.63, 52.17], "Materials": [88.8, "0", 70.01, 92.31], "Telecom": [96.47, "-0.08", 87.56, 104.91], "SPY": [464.72, "0.04", 368.27, 479.98], "VB": [219.76, "0", 197.75, 241.06], "VWO": [50.7, "0.22", 47.49, 56.66], "VPL": [78.24, "0", 76.25, 85.7], "VGK": [68.29, "0", 59.41, 70.7], "VNQ": [109.47, "-0.91", 81.23, 116.71], "VRP": [25.84, "0", 25.21, 26.5]}