{"Platinum": [938.7, "-0.2"], "5Y": [2.04, "1.75"], "DJ Real Estate IDX": [325.7, "-0.03"], "Natural Gas": [3.19, "-0.31"], "Eurostoxx": [3610.91, "-0.04"], "AAPL": [175.27, "-0.35"], "USD/IDR": [13528.0, "0.13"], "Sugar": [14.89, "0.07"], "USD/KRW": [1117.91, "-0.04"], "USD/JPY": [113.44, "0.0"], "USD/INR": [65.165, "0.3"], "DJIA": [23396.0, "-0.09"], "USD/TRY": [3.8678, "0.07"], "3M": [1.21, "0.84"], "CAC": [5402.54, "-0.1"], "USD/ZAR": [14.3888, "1.05"], "Live Cattle": [122.375, "-0.45"], "USD/RUB": [59.2889, "0.02"], "Heating Oil": [1.9513, "0.23"], "30Y": [2.86, "2.62"], "Coffee": [126.5, "0.08"], "Feeder Cattle": [156.525, "0.72"], "Lean Hogs": [73.95, "0"], "Dollar IDX": [94.471, "0.03"], "WTI Crude": [57.23, "0.1"], "FTSE": [7444.0, "-0.54"], "Corn": [341.0, "-0.15"], "USD/CNY": [6.642, "0.03"], "S&P500": [2577.5, "-0.25"], "10Y": [2.37, "2.11"], "USD/BRL": [3.2709, "0.59"], "Hang Seng": [29120.92, "-0.05"], "Brent Crude": [64.12, "0.3"], "USD/NZD": [1.4406, "-0.04"], "DAX": [13187.1, "0.03"], "Silver": [17.0, "0.18"], "USD/MXN": [19.077, "0.18"], "USD/CAD": [1.26811, "-0.02"], "USD/GBP": [0.75756, "-0.43"], "USD/ARS": [17.535, "0.28"], "Canada S&P/TSX": [16082.09, "-0.14"], "USD/HKD": [7.80226, "0.04"], "USD/AUD": [1.3051, "0.2"], "USD/SEK": [8.36469, "-0.1"], "NASDAQ": [6299.25, "-0.24"], "USD/SGD": [1.36081, "0.13"], "Wheat": [428.25, "-0.17"], "RUS2K": [1475.9, "-0.09"], "XOM": [83.25, "-0.86"], "USD/NOK": [8.12107, "-0.12"], "Copper": [3.087, "0.03"], "JPM": [97.95, "0.33"], "Gold": [1284.4, "-0.24"], "USD/CHF": [0.99589, "0.18"], "Nikkei": [22681.42, "-0.82"], "MCD": [167.0, "-1.82"], "Cocoa": [2198.0, "0"], "USD/EUR": [0.8586, "0"], "Soybean": [987.25, "0.23"], "JNJ": [140.35, "-0.69"], "VIX": [10.5, "7.36"], "USD/DKK": [6.39032, "0.01"], "Cotton": [69.02, "0.7"]}