{"Platinum": [939.5, "0.17"], "5Y": [2.0, "0.15"], "DJ Real Estate IDX": [325.7, "-0.09"], "Natural Gas": [3.205, "0.94"], "Eurostoxx": [3612.5, "-1.16"], "AAPL": [174.63, "-0.91"], "USD/IDR": [13510.0, "-0.02"], "Sugar": [14.92, "0.54"], "USD/KRW": [1118.03, "0.5"], "USD/JPY": [113.33, "-0.46"], "USD/INR": [64.965, "0.08"], "DJIA": [23333.0, "-0.67"], "USD/TRY": [3.8641, "0.01"], "3M": [1.2, "0.67"], "CAC": [5407.75, "-1.16"], "USD/ZAR": [14.3094, "1.14"], "Live Cattle": [122.525, "-0.33"], "USD/RUB": [59.3433, "0.23"], "Heating Oil": [1.9424, "1.08"], "30Y": [2.81, "0.9"], "Coffee": [126.55, "0.64"], "Feeder Cattle": [155.725, "0.21"], "Lean Hogs": [74.025, "0.1"], "Dollar IDX": [94.542, "-0.34"], "WTI Crude": [57.22, "0.72"], "FTSE": [7484.1, "-0.61"], "Corn": [344.75, "-1.01"], "USD/CNY": [6.6377, "0.19"], "S&P500": [2571.75, "-0.74"], "10Y": [2.33, "0.17"], "USD/BRL": [3.2573, "0.09"], "Hang Seng": [29136.57, "0.79"], "Brent Crude": [63.9, "0.65"], "USD/NZD": [1.4373, "0.17"], "DAX": [13182.56, "-1.49"], "Silver": [16.97, "-1.01"], "USD/MXN": [19.0921, "-0.04"], "USD/CAD": [1.26922, "-0.29"], "USD/GBP": [0.76125, "-0.15"], "USD/ARS": [17.524, "0.09"], "Canada S&P/TSX": [16055.65, "-0.31"], "USD/HKD": [7.79958, "0.04"], "USD/AUD": [1.304, "0.15"], "USD/SEK": [8.37271, "-0.1"], "NASDAQ": [6275.25, "-1.04"], "USD/SGD": [1.35931, "-0.17"], "Wheat": [426.0, "-0.18"], "RUS2K": [1468.5, "-0.94"], "XOM": [83.38, "-0.11"], "USD/NOK": [8.13532, "-0.31"], "Copper": [3.084, "-0.5"], "JPM": [97.28, "-0.37"], "Gold": [1285.6, "0.15"], "USD/CHF": [0.99551, "-0.44"], "Nikkei": [22868.71, "-0.2"], "MCD": [166.36, "-2.2"], "Cocoa": [2188.0, "-1.26"], "USD/EUR": [0.8585, "-0.44"], "Soybean": [994.5, "-0.4"], "JNJ": [140.055, "-0.9"], "VIX": [11.38, "16.36"], "USD/DKK": [6.38969, "-0.48"], "Cotton": [68.43, "-0.29"]}