{"USD/EUR": [0.9621500000000001, "-0.78", 0.89187, 0.97734], "USD/JPY": [157.6045, "0.21", 139.578, 161.942], "USD/GBP": [0.7985150000000001, "-0.81", 0.74444, 0.81293], "USD/CAD": [1.43608, "-0.58", 1.334, 1.44611], "USD/CHF": [0.90462, "-0.39", 0.83835, 0.92225], "USD/AUD": [1.60077, "-0.5", 1.440694, 1.617547], "USD/NZD": [1.7726, "-0.47", 1.56823, 1.78827], "USD/SEK": [11.045449999999999, "-0.55", 9.86051, 11.1799], "USD/NOK": [11.28055, "-0.65", 10.24448, 11.47478], "USD/DKK": [7.175645, "-0.8", 6.65092, 7.28973], "USD/MXN": [20.28758, "-1.6", 16.2477, 20.87599], "USD/BRL": [6.1097, "-1.13", 4.8315, 6.7414], "USD/CNY": [7.3223, "0.04", 7.0061, 7.3295], "USD/SGD": [1.3633549999999999, "-0.46", 1.2788, 1.5], "USD/KRW": [1459.43, "-0.61", 1216.96, 1487.04], "USD/RUB": [107.0005, "-3.36", 82.73353, 114.999664], "USD/HKD": [7.7753, "-0.03", 7.71848, 7.8379], "USD/ZAR": [18.583399999999997, "-0.82", 14.86037, 19.37943], "USD/TRY": [35.323350000000005, "-0.04", 29.7835, 35.664], "USD/INR": [85.71000000000001, "-0.03", 77.5017, 86.0723], "USD/IDR": [16194.0, "0.06", 14210.9, 16510.2], "S&P500": [6018.63, "1.28", 4699.82, 6099.97], "DJIA": [43089.695, "0.84", 37122.95, 45073.63], "NASDAQ": [19971.72, "1.78", 14560.2, 20204.58], "RUS2K": [2288.83, "0.9", 1898.24, 2466.49], "Eurostoxx": [4986.64, "2.36", 4380.97, 5121.71], "MSCI Emerging": [42.525000000000006, "0.89", 37.48, 47.44], "UK - FTSE": [8249.66, "0.31", 7404.1, 8474.4], "Germany - DAX": [20216.19, "1.56", 16345.02, 20522.82], "France - CAC": [7445.69, "2.24", 7029.91, 8259.19], "Canada - S&P/TSX": [25153.65, "0.32", 20466.5, 25843.2], "Japan - Nikkei": [39307.05, "-1.47", 31156.12, 42426.77], "Hong Kong - Hang Seng": [19688.29, "-0.36", 14794.16, 23241.74], "South Korea - Kospi": [2488.64, "1.91", 2360.18, 2896.43], "Australia - ASX": [8257.4, "0.08", 7322.0, 8514.5], "China - Shanghai Composite": [3206.92, "-0.14", 2635.09, 3674.405], "Brazil - Ibovespa": [120058.46, "1.29", 118404.0, 137469.0], "Russia - MOEX": [2222.51, "-0.19", 1681.55, 4292.68], "Belgium - Bel 20": [4284.41, "0.59", 3550.65, 4349.31], "India - BSE SENSEX": [77964.99, "-1.59", 70001.6, 85978.25], "WTI Crude": [74.095, "0.18", 65.27, 87.67], "Brent Crude": [76.64500000000001, "0.18", 68.69, 92.18], "Natural Gas": [3.681, "9.75", 1.481, 4.201], "Heating Oil": [2.36365, "0.68", 2.0431, 2.9735], "Gold": [2651.75, "-0.11", 1984.8, 2789.0], "Silver": [30.697499999999998, "2.1", 21.925, 34.835], "Copper": [4.18525, "2.74", 3.686, 5.1985], "Platinum": [933.6, "-1.55", 871.4, 1084.6], "Corn": [459.625, "1.97", 360.5, 473.25], "Sugar": [19.395, "-1.3", 17.52, 24.62], "Wheat": [553.125, "2.62", 512.0, 746.25], "Coffee": [324.075, "1.7", 175.55, 347.35], "Soybean": [1003.875, "1.22", 936.25, 1258.25], "Cotton": [68.68, "1.51", 65.3, 107.25], "Cocoa": [11366.0, "1.14", 4034.0, 12931.0], "Live Cattle": [195.7625, "0.88", 169.25, 196.325], "Lean Hogs": [79.6125, "-1.44", 68.95, 100.1], "3M": [4.188, "-0.12", 4.188, 5.348], "5Y": [4.424, "0.32", 3.282, 4.988], "10Y": [4.624, "0.61", 3.345, 4.997], "30Y": [4.841, "0.56", 3.717, 5.152], "VIX": [15.81, "-1.99", 15.53, 35.05], "Dollar IDX": [108.18, "-0.71", 100.16, 109.53], "DJ Real Estate IDX": [358.25, "-0.07", 356.63, 359.79], "S&P GSCI Commodity IDX": [558.51, "0.88", 502.45, 606.81], "Bitcoin": [102003.42, "4.02", 38521.895, 108268.445], "AAPL": [246.2525, "1.19", 164.08, 260.1], "AMZN": [228.35, "1.86", 146.15, 233.0], "MSFT": [431.33, "1.88", 369.01, 468.35], "GOOG": [198.73, "2.9", 131.55, 202.88], "FB": [621.22, "2.74", 352.05, 638.4], "JPM": [244.32, "0.95", 164.3, 254.31], "XOM": [109.185, "1.23", 95.77, 126.34], "MCD": [295.196, "0.14", 243.53, 317.9], "WMT": [92.4, "1.78", 52.226665, 96.18], "Technology": [240.54500000000002, "2.03", 184.86, 241.88], "Financials": [49.015, "0.87", 36.95, 51.62], "Healthcare": [139.805, "0.61", 135.95, 159.64], "Industrials": [133.36, "0.48", 109.95, 144.51], "Consumer Discretionary": [228.08499999999998, "0.98", 166.48, 240.28], "Consumer Staples": [78.235, "-0.12", 71.56, 84.53], "Energy": [88.185, "0.82", 78.98, 98.97], "Utilities": [76.565, "-0.67", 59.14, 83.41], "Real Estate": [40.775000000000006, "-0.16", 35.57, 45.58], "Materials": [84.35499999999999, "1.4", 80.74, 97.87], "Telecom": [109.645, "0.53", 67.08, 112.26], "SPY": [599.5550000000001, "1.28", 468.3, 609.07], "VB": [246.17000000000002, "1.1", 202.66, 263.35], "VWO": [44.305, "0.37", 38.83, 49.57], "VPL": [72.38499999999999, "1.11", 67.57, 79.75], "VGK": [64.735, "2.03", 61.4, 72.08], "VNQ": [89.345, "-0.12", 78.27, 99.58], "ARLP": [26.565, "-0.02", 18.32, 29.44], "OGN": [15.94, "3.24", 13.87, 23.1]}