{"Platinum": [920.7, "0.45", 0.0, 0.0], "Japan - Nikkei": [22497.18, "0.39", 19239.52, 24129.34], "Industrials": [74.38, "0.45", 64.65, 80.96], "5Y": [2.82, "-0.78", 1.62, 2.85], "DJ Real Estate IDX": [307.1, "0.46", 285.1, 327.5], "Natural Gas": [2.795, "2.12", 2.57, 3.545], "Eurostoxx": [3569.74, "0.33", 3278.72, 3697.4], "AAPL": [188.67, "0.7", 142.2, 188.71], "MSCI Emerging": [47.26, "1.6", 39.82, 52.08], "USD/IDR": [14070.0, "-0.04", 13121.0, 14268.5], "Sugar": [11.16, "-1.15", 10.86, 16.51], "USD/KRW": [1067.18, "-0.97", 1052.0, 1158.36], "USD/JPY": [109.59, "-0.12", 104.667, 114.725], "Canada - S&P/TSX": [15950.3, "0.25", 14785.8, 16421.4], "USD/INR": [67.2118, "-0.2", 63.21, 67.52], "Hong Kong - Hang Seng": [30809.22, "0.89", 25024.76, 33484.08], "USD/TRY": [4.2522, "-0.8", 3.3892, 4.3712], "3M": [1.85, "0", 0.85, 1.85], "USD/ZAR": [12.3854, "-1.3", 11.4971, 14.5708], "Live Cattle": [106.45, "0.73", 104.05, 132.525], "USD/RUB": [61.971, "-1.74", 54.3243, 64.94], "Heating Oil": [2.2061, "-0.54", 1.3648, 2.218], "30Y": [3.13, "-0.79", 2.65, 3.22], "Coffee": [119.25, "0.42", 113.45, 142.75], "Feeder Cattle": [142.5, "-0.14", 130.65, 161.0], "Lean Hogs": [77.125, "0.72", 51.575, 92.825], "Dollar IDX": [92.98, "-0.06", 92.54, 98.67], "WTI Crude": [70.98, "-0.22", 42.53, 71.14], "Corn": [401.5, "-0.31", 329.25, 399.25], "Brazil - Ibovespa": [85398.8672, "1.35", 60315.0, 88318.0], "USD/CNY": [6.3449, "-0.21", 6.2342, 6.9124], "Germany - DAX": [12989.96, "0.36", 11726.62, 13596.89], "S&P500": [2711.69, "0.52", 2352.72, 2872.87], "10Y": [2.96, "-1.33", 2.03, 3.04], "USD/BRL": [3.5585, "-0.96", 3.0788, 3.5995], "Brent Crude": [77.04, "-0.22", 44.82, 77.21], "USD/NZD": [1.4412, "0.06", 1.3229, 1.4722], "Australia - ASX": [6118.7, "0.18", 5629.8, 6150.0], "Silver": [16.72, "1.06", 15.48, 18.095], "USD/MXN": [19.3538, "-1.1", 17.4368, 19.8854], "USD/CAD": [1.28131, "-0.28", 1.2062, 1.3765], "USD/GBP": [0.74233, "0.6", 0.6956, 0.7942], "USD/ARS": [22.699, "0.15", 15.292, 23.2461], "South Korea - Kospi": [2464.16, "0.83", 2267.08, 2607.1], "DJIA": [24689.85, "0.6", 20553.45, 26616.71], "Consumer Staples": [49.53, "0.57", 48.76, 58.95], "USD/HKD": [7.8496, "0.0", 7.7799, 7.8536], "USD/AUD": [1.3332, "-0.53", 1.2291, 1.3625], "USD/SEK": [8.67518, "-0.33", 7.8266, 8.9309], "NASDAQ": [7381.75, "0.57", 5996.8101, 7637.27], "Materials": [58.58, "0.15", 51.35, 64.17], "USD/SGD": [1.34098, "-0.35", 1.3013, 1.4127], "Technology": [69.58, "0.73", 54.25, 71.34], "Healthcare": [81.57, "1.04", 74.45, 91.79], "Bitcoin": [9345.793945, "0.93", 1752.55, 18750.9258], "Wheat": [510.25, "-0.05", 387.25, 540.5], "RUS2K": [1601.86, "0.36", 1349.349976, 1615.52002], "France - CAC": [5540.23, "0.1", 4995.07, 5567.03], "USD/NOK": [8.02749, "-0.57", 7.6377, 8.6392], "Copper": [3.105, "1.55", 2.4855, 3.286], "JPM": [113.58, "0.15", 81.64, 119.33], "US Commodity IDX": [44.6138, "0.01", 36.98, 44.65], "Gold": [1317.9, "0.37", 1211.9, 1357.8], "USD/CHF": [1.004, "-0.05", 0.9189, 1.0099], "Telecom": [70.451, "0.01", 65.1, 74.86], "UK - FTSE": [7686.34, "0.31", 6866.9, 7792.6], "Consumer Discretionary": [104.43, "0.13", 87.89, 109.34], "MCD": [165.0, "0.46", 143.4, 178.7], "KO": [42.12, "0.81", 41.52, 48.62], "Cocoa": [2761.0, "-0.32", 1793.0, 2914.0], "Utilities": [49.905, "0.59", 47.37, 57.23], "USD/EUR": [0.8415, "-0.24", 0.7963, 0.9225], "Financials": [28.12, "0.25", 22.97, 30.33], "Soybean": [1018.0, "0.22", 903.5, 1067.0], "Real Estate": [31.57, "0.56", 29.17, 34.02], "JNJ": ["0", "0", "0", "0"], "VIX": [13.27, "-1.12", 8.56, 50.3], "USD/DKK": [6.27119, "-0.23", 5.9332, 6.8631], "Energy": [76.14, "0.12", 61.8, 78.39], "XOM": [80.89, "1.2", 72.16, 89.3], "Cotton": [84.84, "-1.19", 66.54, 86.35]}