{"USD/EUR": [0.9198, "-0.01", 0.8169267216730659, 0.8975854950184005], "USD/JPY": [115.387, "0.39", 107.47, 116.34], "USD/GBP": [0.761, "0.53", 0.7037, 0.7572], "USD/CAD": [1.2757, "0.26", 1.2008, 1.2963], "USD/CHF": [0.9264, "0.67", 0.8953, 0.9433], "USD/AUD": [1.3609, "0.57", 1.2708, 1.4294], "USD/NZD": [1.4611, "0.41", 1.3708, 1.5249], "USD/SEK": [9.9645, "0.38", 8.2506, 9.7686], "USD/NOK": [9.035, "0.59", 8.2073, 9.1794], "USD/DKK": [6.8419, "-0.02", 6.0719, 6.7254], "USD/MXN": [21.169, "0", 19.675, 21.853], "USD/BRL": [5.0769, "0.25", 4.9169, 5.8084], "USD/CNY": [6.3208, "0.05", 6.2992, 6.5764], "USD/SGD": [1.3618, "-0.02", 1.3185, 1.3743], "USD/KRW": [1229.795, "1.06", 1106.78, 1210.865], "USD/RUB": [151.5, "0", 69.214, 140.25], "USD/HKD": [7.8167, "0.02", 7.7559, 7.8183], "USD/ZAR": [15.3041, "-0.38", 13.4925, 16.2238], "USD/TRY": [14.3794, "0.82", 7.1885, 18.3523], "USD/INR": [76.9323, "0.66", 72.266, 77.145], "USD/IDR": [14393.3, "0.07", 13579.2002, 14688.0], "USD/ARS": [108.442, "-0.58", 0.0, 0.0], "S&P500": [4271.04, "-1.34", 3819.25, 4818.62], "DJIA": [33228.75, "-1.15", 31512.15, 36952.65], "NASDAQ": [13088.12, "-1.69", 12587.88, 16212.23], "RUS2K": [1992.94, "-0.4", 1894.45, 2458.86], "Eurostoxx": [3528.46, "-0.77", 3387.0, 4415.23], "MSCI Emerging": [0.0, "0", 43.65, 56.18], "UK - FTSE": [6978.2, "-0.13", 6612.7, 7687.3], "Germany - DAX": [12900.22, "-1.48", 12438.85, 16290.19], "France - CAC": [6000.91, "0", 5756.38, 7384.86], "Canada - S&P/TSX": [0.0, "0", 14783.9, 21539.44], "Japan - Nikkei": [25221.41, "-2.94", 25006.26, 30795.78], "Hong Kong - Hang Seng": [21057.63, "0", 20826.36, 29596.58], "South Korea - Kospi": [2651.31, "-2.29", 2591.53, 3316.08], "Australia - ASX": [7038.6, "0", 6648.6, 7632.8], "China - Shanghai Composite": [3372.86, "-2.17", 3312.72, 3723.85], "Brazil - Ibovespa": [113561.05, "-0.8", 100075.0, 131190.0], "Russia - MOEX": [2470.48, "0", 1681.55, 4292.68], "Belgium - Bel 20": [3694.05, "-1.77", 3567.23, 4413.91], "India - BSE SENSEX": [52842.75, "0", 47204.5, 62245.43], "WTI Crude": [118.71, "2.62", 57.76, 74.05], "Brent Crude": [122.99, "4.13", 60.79, 76.18], "Natural Gas": [4.913, "-2.05", 2.46, 3.155], "Heating Oil": [3.8949, "3.14", 1.7478, 2.1623], "Gold": [1984.7, "0.92", 1682.4, 1908.3], "Silver": [25.83, "0.16", 24.06, 28.55], "Copper": [4.72, "-4.41", 3.981, 4.861], "Platinum": [1136.9, "1.8", 1141.3, 1246.6], "Corn": [744.5, "-1.29", 538.0, 772.0], "Sugar": [19.48, "0.67", 14.71, 18.1], "Wheat": [1227.0, "1.03", 601.25, 761.0], "Coffee": [224.5, "0.11", 121.6, 162.35], "Soybean": [1658.0, "-0.15", 1329.0, 1660.0], "Cotton": [116.22, "-0.17", 77.88, 90.07], "Cocoa": [2620.0, "0.0", 2297.0, 2733.0], "Lumber": [1287.6, "-1.77", 842.4, 1686.0], "Live Cattle": [136.25, "0.35", 113.375, 124.025], "Lean Hogs": [99.4, "-1.05", 87.35, 122.95], "Feeder Cattle": [0.0, "0", 134.6, 137.275], "3M": [0.315, "3.28", 0.003, 0.42], "5Y": [1.68, "3.0", 0.606, 1.972], "10Y": [1.748, "1.39", 1.128, 2.065], "30Y": [2.173, "1.02", 1.678, 2.505], "VIX": [33.87, "5.91", 14.1, 38.94], "Dollar IDX": [0.0, "0", 89.54, 99.21], "DJ Real Estate IDX": [405.17, "-0.61", 328.49, 456.48], "S&P GSCI Commodity IDX": [802.13, "2.4", 458.32, 835.95], "Bitcoin": [0.0, "0", 28893.62, 68789.62], "AAPL": [162.19, "-0.6", 116.21, 182.94], "AMZN": [0.0, "0", 2707.04, 3773.08], "MSFT": [280.21, "-3.33", 227.13, 349.67], "GOOG": [2566.14, "-2.89", 2010.73, 3042.0], "FB": [191.92, "-4.07", 190.22, 384.33], "JPM": [130.01, "-3.27", 129.24, 172.96], "XOM": [87.03, "3.48", 52.1, 86.91], "MCD": [229.12, "-2.83", 207.14, 271.15], "WMT": [143.23, "0.28", 127.81, 152.57], "Technology": [146.78, "0", 124.71, 177.04], "Financials": [36.48, "-2.01", 33.0, 41.7], "Healthcare": [131.15, "0", 112.6, 141.98], "Industrials": [100.43, "0.04", 89.85, 107.88], "Consumer Discretionary": [167.88, "0", 156.74, 215.06], "Consumer Staples": [75.61, "0", 64.61, 78.18], "Energy": [77.43, "2.92", 45.14, 77.46], "Utilities": [71.44, "0", 59.69, 71.83], "Real Estate": [46.46, "0", 36.67, 52.17], "Materials": [82.09, "0", 75.43, 92.31], "Telecom": [87.82, "0", 83.5, 104.91], "SPY": [426.47, "-1.35", 381.42, 479.98], "VB": [203.17, "0", 194.57, 241.06], "VWO": [44.79, "0", 44.75, 55.16], "VPL": [71.1, "0", 71.0, 85.7], "VGK": [56.44, "0", 56.29, 70.7], "VNQ": [104.64, "-0.57", 86.59, 116.71], "VRP": [24.44, "-0.45", 24.42, 26.5]}