{"Platinum": [941.0, "0.32", 0.0, 0.0], "Industrials": [71.375, "0.06", 61.99, 73.2], "5Y": [2.06, "-2.04", 1.62, 2.14], "DJ Real Estate IDX": [325.2, "-0.18", 0.0, 0.0], "Natural Gas": [2.989, "-0.93", 0.0, 0.0], "Eurostoxx": [3562.65, "-0.47", 3015.13, 3697.4], "AAPL": [174.045, "0.52", 108.25, 176.24], "MSCI Emerging": [47.705, "0.03", 33.94, 47.88], "USD/IDR": [13523.0, "-0.05", 13099.0, 13647.0], "Sugar": [15.19, "1.95", 0.0, 0.0], "USD/KRW": [1086.11, "-0.27", 1084.71, 1213.73], "USD/JPY": [111.52, "-0.84", 107.322, 118.647], "USD/INR": [64.7788, "0.0", 63.563, 68.895], "DJIA": [23516.31, "-0.32", 19000.38, 23617.8], "USD/TRY": [3.9332, "-0.59", 3.3407, 3.9819], "3M": [1.26, "-1.02", 0.42, 1.29], "CAC": [5352.76, "-0.25", 4490.15, 5536.4], "USD/ZAR": [13.8424, "-0.92", 12.2981, 14.5708], "Live Cattle": [125.525, "1.19", 0.0, 0.0], "USD/RUB": [58.6088, "-0.83", 55.515, 65.4387], "Heating Oil": [1.9337, "-0.11", 0.0, 0.0], "30Y": [2.75, "-0.29", 2.65, 3.2], "Coffee": [127.2, "0.43", 0.0, 0.0], "Feeder Cattle": [151.975, "0.91", 0.0, 0.0], "Lean Hogs": [68.45, "2.24", 0.0, 0.0], "Dollar IDX": [93.464, "-0.52", 93.445, 98.665], "WTI Crude": [57.77, "1.65", 0.0, 0.0], "FTSE": [7419.02, "0.1", 6678.7, 7599.0], "Corn": [357.0, "0.21", 0.0, 0.0], "USD/CNY": [6.6085, "-0.28", 6.436, 7.481], "S&P500": [2596.05, "-0.11", 2187.44, 2601.19], "10Y": [2.34, "-1.1", 2.03, 2.62], "USD/BRL": [3.2346, "-0.74", 3.0413, 3.5773], "Hang Seng": [30003.49, "0.62", 21488.82, 30199.69], "Brent Crude": [63.05, "0.77", 0.0, 0.0], "USD/NZD": [1.4578, "-0.42", 1.3229, 1.4722], "DAX": [13015.04, "-1.16", 10402.59, 13525.56], "Silver": [17.11, "0.88", 0.0, 0.0], "USD/MXN": [18.6639, "-0.63", 17.4368, 22.0289], "USD/CAD": [1.27284, "-0.41", 1.2062, 1.3792], "USD/GBP": [0.7524, "-0.36", 0.7344, 0.8337], "USD/ARS": [17.419, "-0.35", 15.079, 17.826], "Canada S&P/TSX": [16075.91, "-0.0", 14915.8, 16131.8], "Consumer Staples": [54.72, "-0.29", 49.98, 57.36], "USD/HKD": [7.8117, "0.01", 7.7531, 7.8274], "USD/AUD": [1.3174, "-0.18", 1.2309, 1.3965], "USD/SEK": [8.3591, "-0.88", 7.8882, 9.4462], "NASDAQ": [6863.18, "0.01", 5238.21, 6874.5156], "Materials": [58.605, "-0.16", 48.96, 59.62], "USD/SGD": [1.34849, "-0.4", 1.3346, 1.4542], "Technology": [64.1, "-0.26", 46.37, 64.3], "Healthcare": [81.52, "-0.11", 66.97, 84.31], "Wheat": [441.5, "0.06", 0.0, 0.0], "RUS2K": [1519.95, "0.07", 1308.849976, 1524.182739], "XOM": [81.15, "0.35", 76.05, 93.22], "Kospi": [2540.51, "0.39", 1960.65, 2561.63], "USD/NOK": [8.18069, "-0.41", 7.6999, 8.7391], "Copper": [3.1355, "0.22", 0.0, 0.0], "JPM": [98.78, "-0.15", 77.89, 102.42], "Gold": [1291.5, "0.76", 0.0, 0.0], "USD/CHF": [0.98317, "-0.8", 0.9422, 1.0332], "Telecom": [69.505, "0.82", 65.1, 74.64], "Nikkei": [22523.15, "0.48", 16111.81, 23382.15], "Consumer Discretionary": [94.43, "0.14", 81.15, 94.48], "MCD": [168.94, "0.38", 117.71, 170.92], "KO": [45.685, "-0.21", 39.88, 47.48], "Cocoa": [2119.0, "0.81", 0.0, 0.0], "Utilities": [55.6638, "-0.23", 46.04, 57.23], "USD/EUR": [0.8475, "-0.53", 0.8269, 0.9664], "Soybean": [996.5, "0.76", 0.0, 0.0], "Real Estate": [33.59, "-0.21", 29.41, 34.02], "JNJ": [136.96, "-1.0", 109.32, 144.35], "VIX": [9.7, "-0.31", 8.84, 17.28], "Ibovespa": [74470.742, "-0.17", 56829.0, 78024.0], "USD/DKK": [6.30747, "-0.53", 6.1534, 7.1856], "Energy": [67.7, "0.42", 61.8, 78.45], "Financials": [26.26, "-0.38", 22.09, 26.93], "Cotton": [71.6, "2.08", 0.0, 0.0]}