{"USD/EUR": [0.8529, "0.34", 0.8133387555917039, 0.8607333448097779], "USD/JPY": [109.929, "0.21", 102.59, 111.656], "USD/GBP": [0.7278, "0.39", 0.7037, 0.7871], "USD/CAD": [1.2769, "0.68", 1.2008, 1.342], "USD/CHF": [0.9321, "0.49", 0.8795, 0.9433], "USD/AUD": [1.3763, "0.36", 1.2571, 1.4259], "USD/NZD": [1.4201, "0.38", 1.3446, 1.5323], "USD/SEK": [8.6842, "0", 8.1663, 9.1424], "USD/NOK": [8.7082, "0.85", 8.2073, 9.5825], "USD/DKK": [6.3413, "0.33", 6.0475, 6.4084], "USD/MXN": [20.0185, "0.38", 19.6642, 22.507], "USD/BRL": [5.2891, "0.55", 4.9169, 5.8084], "USD/CNY": [6.4662, "0.13", 6.3518, 6.8325], "USD/SGD": [1.3481, "0.19", 1.3153, 1.3794], "USD/KRW": [1182.02, "0.49", 1083.665, 1181.005], "USD/RUB": [72.8797, "0.51", 71.541, 80.89], "USD/HKD": [7.7822, "-0.01", 7.749, 7.7944], "USD/ZAR": [14.7468, "0.95", 13.4925, 17.16], "USD/TRY": [8.6441, "1.25", 6.9549, 8.7758], "USD/INR": [73.6998, "0.18", 72.266, 75.7248], "USD/IDR": [14263.35, "-0.18", 13724.6133, 15041.5], "USD/ARS": [98.2858, "-0.02", 0.0, 0.0], "S&P500": [4432.99, "-0.91", 3209.45, 4545.85], "DJIA": [34584.88, "-0.48", 26143.77, 35631.19], "NASDAQ": [15043.97, "-0.91", 10519.49, 15403.44], "RUS2K": [2236.87, "0.18", 1432.57, 2360.17], "Eurostoxx": [4130.84, "-0.94", 2920.87, 4252.78], "MSCI Emerging": [1276.78, "-0.92", 1057.74, 1444.93], "UK - FTSE": [6963.64, "-0.91", 5525.5, 7224.5], "Germany - DAX": [15490.17, "-1.03", 11450.08, 16030.33], "France - CAC": [6570.19, "-0.79", 4512.57, 6913.67], "Canada - S&P/TSX": [20490.36, "-0.54", 14783.9, 20557.53], "Japan - Nikkei": [30500.05, "0.58", 22948.47, 30795.78], "Hong Kong - Hang Seng": [24920.76, "1.03", 23124.25, 31183.36], "South Korea - Kospi": [3140.51, "0.33", 2266.93, 3316.08], "Australia - ASX": [7403.7, "-0.76", 5763.2, 7632.8], "China - Shanghai Composite": [3613.97, "0.19", 3202.34, 3731.69], "Brazil - Ibovespa": [111439.37, "-2.07", 93387.0, 131190.0], "Russia - MOEX": [4035.17, "-0.25", 2658.49, 4081.98], "Belgium - Bel 20": [4133.21, "-0.43", 2998.54, 4362.04], "India - BSE SENSEX": [59015.89, "-0.21", 36495.98, 59737.32], "WTI Crude": [71.96, "-0.9", 35.79, 74.05], "Brent Crude": [75.3, "-0.49", 37.65, 76.18], "Natural Gas": [5.054, "-5.27", 1.845, 3.39], "Heating Oil": [2.2064, "-0.21", 1.085, 2.1623], "Gold": [1753.9, "-0.16", 1682.4, 1975.5], "Silver": [22.36, "-1.9", 22.79, 29.165], "Copper": [4.24, "-0.97", 2.864, 4.861], "Platinum": [930.9, "0.82", 844.4, 1283.2], "Corn": [527.75, "-0.33", 363.25, 772.0], "Sugar": [19.83, "-1.49", 12.55, 18.78], "Wheat": [713.5, "-0.97", 544.0, 761.0], "Coffee": [186.85, "-0.69", 102.8, 162.35], "Soybean": [1284.25, "-0.91", 991.0, 1660.0], "Cotton": [92.36, "-0.16", 63.74, 91.37], "Cocoa": [2660.0, "0.11", 2257.0, 2878.0], "Lumber": [634.0, "6.75", 497.0, 1686.0], "Live Cattle": [122.925, "-0.55", 103.175, 124.025], "Lean Hogs": [85.45, "-0.03", 63.65, 122.95], "Feeder Cattle": [0.0, "0", 132.55, 142.425], "3M": [0.028, "-6.67", 0.003, 3000.0029], "5Y": [0.866, "3.84", 0.247, 0.988], "10Y": [1.37, "2.93", 0.641, 1.765], "30Y": [1.909, "1.49", 1.39, 2.505], "VIX": [20.81, "11.34", 14.1, 41.16], "Dollar IDX": [92.91, "-0.02", 89.21, 94.74], "DJ Real Estate IDX": [415.6, "-0.95", 300.65, 434.54], "S&P GSCI Commodity IDX": [538.85, "-0.69", 333.11, 549.51], "Bitcoin": [47161.8, "-1.34", 10185.77, 64863.1], "AAPL": [146.06, "-1.83", 103.1, 157.26], "AMZN": [3462.52, "-0.74", 2871.0, 3773.08], "MSFT": [299.87, "-1.75", 196.25, 305.84], "GOOG": [2829.27, "-2.02", 1406.55, 2936.41], "FB": [364.72, "-2.24", 244.13, 384.33], "JPM": [157.68, "-0.24", 91.38, 167.44], "XOM": [55.16, "-1.13", 31.11, 64.93], "MCD": [242.49, "-0.31", 202.73, 247.05], "WMT": [144.73, "-0.21", 126.28, 153.66], "Technology": [155.48, "-1.56", 109.11, 160.13], "Financials": [37.58, "-0.48", 22.94, 39.04], "Healthcare": [133.0, "0.1", 100.31, 137.04], "Industrials": [100.33, "-1.06", 74.35, 106.81], "Consumer Discretionary": [184.11, "-0.35", 139.03, 185.56], "Consumer Staples": [71.36, "-0.46", 61.49, 73.25], "Energy": [49.32, "-0.74", 26.98, 56.65], "Utilities": [66.4, "-1.54", 56.72, 70.07], "Real Estate": [46.85, "-0.91", 33.71, 48.81], "Materials": [81.33, "-2.06", 60.93, 89.21], "Telecom": [97.93, "0.49", 65.04, 104.91], "SPY": [441.4, "-0.97", 319.8, 454.05], "VB": [223.08, "-0.41", 146.88, 229.96], "VWO": [51.45, "-0.41", 41.53, 56.66], "VPL": [84.46, "-0.89", 66.68, 85.7], "VGK": [68.04, "-1.59", 49.17, 70.7], "VNQ": [106.4, "-0.91", 75.46, 111.06], "VRP": [26.45, "0", 24.22, 26.5]}