{"USD/EUR": [0.97065, "-0.27", 0.89187, 0.98195], "USD/JPY": [157.983, "0.46", 139.578, 161.942], "USD/GBP": [0.8193250000000001, "0.29", 0.74444, 0.82636], "USD/CAD": [1.4359000000000002, "0.04", 1.33595, 1.44611], "USD/CHF": [0.912675, "-0.3", 0.83835, 0.92225], "USD/AUD": [1.61585, "0.17", 1.440694, 1.63071], "USD/NZD": [1.7859, "0.02", 1.56823, 1.80395], "USD/SEK": [11.180060000000001, "-0.34", 9.86051, 11.31365], "USD/NOK": [11.384045, "0.04", 10.31748, 11.5213], "USD/DKK": [7.242710000000001, "-0.25", 6.65092, 7.3259], "USD/MXN": [20.545, "-0.41", 16.2477, 20.87599], "USD/BRL": [6.056900000000001, "-0.62", 4.857785, 6.7414], "USD/CNY": [7.3316, "0.0", 7.0061, 7.3319], "USD/SGD": [1.3670499999999999, "-0.17", 1.2788, 1.5], "USD/KRW": [1458.25, "-0.42", 1216.96, 1487.04], "USD/RUB": [102.70500000000001, "-0.26", 82.73353, 114.999664], "USD/HKD": [7.787739999999999, "0.03", 7.71848, 7.8379], "USD/ZAR": [18.935000000000002, "-0.26", 14.86037, 19.37943], "USD/TRY": [35.479150000000004, "0.08", 30.06683, 35.664], "USD/INR": [86.515, "-0.13", 77.5017, 86.7261], "USD/IDR": [16264.0, "-0.03", 14210.9, 16613.8], "S&P500": [5838.98, "0.05", 4714.82, 6099.97], "DJIA": [42524.305, "0.54", 37122.95, 45073.63], "NASDAQ": [19044.39, "-0.23", 14706.23, 20204.58], "RUS2K": [2213.93, "0.89", 1898.24, 2466.49], "Eurostoxx": [4980.47, "0.53", 4380.97, 5121.71], "MSCI Emerging": [41.235, "1.04", 37.48, 47.44], "UK - FTSE": [8201.54, "-0.28", 7404.1, 8474.4], "Germany - DAX": [20271.33, "0.69", 16345.02, 20522.82], "France - CAC": [7423.67, "0.2", 7029.91, 8259.19], "Canada - S&P/TSX": [24582.324999999997, "0.19", 20466.5, 25843.2], "Japan - Nikkei": [38474.3, "-1.83", 31156.12, 42426.77], "Hong Kong - Hang Seng": [19219.78, "1.83", 14794.16, 23241.74], "South Korea - Kospi": [2497.4, "0.31", 0.0, 2896.43], "Australia - ASX": [8231.0, "0.48", 7322.0, 8514.5], "China - Shanghai Composite": [3240.94, "2.54", 2635.09, 3674.405], "Brazil - Ibovespa": [119275.85, "0.23", 118222.64, 137469.0], "Russia - MOEX": [2222.51, "-0.19", 1681.55, 4292.68], "Belgium - Bel 20": [4200.65, "0.04", 3550.65, 4349.31], "India - BSE SENSEX": [76499.63, "0.22", 70001.6, 85978.25], "WTI Crude": [77.745, "-1.36", 65.27, 87.67], "Brent Crude": [80.10499999999999, "-1.12", 68.69, 92.18], "Natural Gas": [3.985, "1.3", 1.481, 4.369], "Heating Oil": [2.5291, "-0.17", 2.0431, 2.9735], "Gold": [2688.3500000000004, "0.36", 1984.8, 2789.0], "Silver": [30.502499999999998, "0.64", 21.925, 34.835], "Copper": [4.3454999999999995, "0.46", 3.686, 5.1985], "Platinum": [942.0999999999999, "-3.38", 871.4, 1084.6], "Corn": [474.25, "-0.47", 360.5, 479.75], "Sugar": [18.314999999999998, "-3.1", 17.52, 24.62], "Wheat": [560.0, "-0.18", 512.0, 746.25], "Coffee": [323.05, "-0.89", 175.55, 347.35], "Soybean": [1046.0, "-0.66", 936.25, 1258.25], "Cotton": [67.495, "-0.21", 65.3, 107.25], "Cocoa": [10919.0, "-0.08", 4321.0, 12931.0], "Live Cattle": [197.75, "0.18", 171.35, 199.1], "Lean Hogs": [83.525, "0.42", 70.025, 100.1], "3M": [4.213, "-0.12", 4.2130003, 5.348], "5Y": [4.59, "-0.58", 3.282, 4.988], "10Y": [4.788, "-0.31", 3.345, 4.997], "30Y": [4.984, "-0.04", 3.717, 5.152], "VIX": [19.18, "-0.05", 15.53, 35.05], "Dollar IDX": [109.22, "-0.67", 100.16, 110.18], "DJ Real Estate IDX": [350.69, "0.89", 348.42, 351.48], "S&P GSCI Commodity IDX": [571.9, "-0.73", 502.45, 606.81], "Bitcoin": [96426.86, "3.1", 38521.895, 108268.445], "AAPL": [233.28, "-0.48", 164.08, 260.1], "AMZN": [217.76, "-0.32", 149.91, 233.0], "MSFT": [415.67, "-0.36", 384.81, 468.35], "GOOG": [191.05, "-0.64", 131.55, 202.88], "META": [594.25, "-2.31", 358.61, 638.4], "JPM": [247.3, "1.27", 164.3, 254.31], "XOM": [109.7, "0.38", 95.77, 126.34], "NVDA": [131.76, "-1.1", 54.74, 153.13], "TSLA": [396.36, "-1.72", 138.8, 488.54], "Technology": [226.60500000000002, "-0.24", 189.69, 241.88], "Financials": [48.125, "0.98", 36.95, 51.62], "Healthcare": [139.775, "-1.19", 135.95, 159.64], "Industrials": [134.225, "1.02", 109.95, 144.51], "Consumer Discretionary": [221.11, "-0.43", 166.48, 240.28], "Consumer Staples": [76.32499999999999, "-0.19", 71.56, 84.53], "Energy": [90.905, "0.73", 78.98, 98.97], "Utilities": [75.735, "1.39", 59.14, 83.41], "Real Estate": [40.055, "0.95", 35.57, 45.58], "Materials": [86.035, "1.03", 80.74, 97.87], "Telecom": [104.81, "0.65", 67.08, 112.26], "SPY": [580.265, "-0.19", 469.87, 609.07], "VB": [241.95, "0.91", 202.66, 263.35], "VWO": [42.97, "1.11", 38.83, 49.57], "VPL": [70.07, "-0.11", 67.57, 79.75], "VGK": [63.315, "0.39", 61.4, 72.08], "VNQ": [87.455, "0.99", 78.27, 99.58], "JEPI": [57.370000000000005, "0.17", 54.72, 60.88], "SPXL": [162.635, "-0.71", 99.72, 190.34]}