{"USD/EUR": [0.9620500000000001, "-0.03", 0.89187, 0.97734], "USD/JPY": [157.561, "-0.01", 139.578, 161.942], "USD/GBP": [0.797285, "-0.19", 0.74444, 0.81293], "USD/CAD": [1.43308, "-0.01", 1.334, 1.44611], "USD/CHF": [0.90678, "0.23", 0.83835, 0.92225], "USD/AUD": [1.59532, "-0.32", 1.440694, 1.617547], "USD/NZD": [1.7643, "-0.43", 1.56823, 1.78827], "USD/SEK": [11.04229, "0.02", 9.86051, 11.1799], "USD/NOK": [11.2975, "0.12", 10.24448, 11.47478], "USD/DKK": [7.17586, "-0.0", 6.65092, 7.28973], "USD/MXN": [20.353299999999997, "0.22", 16.2477, 20.87599], "USD/BRL": [6.0671, "-0.76", 4.8315, 6.7414], "USD/CNY": [7.324999999999999, "0.04", 7.0061, 7.3288], "USD/SGD": [1.36173, "-0.09", 1.2788, 1.5], "USD/KRW": [1450.38, "-0.79", 1216.96, 1487.04], "USD/RUB": [106.5005, "-0.92", 82.73353, 114.999664], "USD/HKD": [7.777, "0.03", 7.71848, 7.8379], "USD/ZAR": [18.60817, "0.31", 14.86037, 19.37943], "USD/TRY": [35.3405, "0.06", 29.818, 35.664], "USD/INR": [85.70400000000001, "0.04", 77.5017, 86.0723], "USD/IDR": [16191.5, "0.02", 14210.9, 16510.2], "S&P500": [5997.43, "0.92", 4714.82, 6099.97], "DJIA": [42832.325, "0.23", 37122.95, 45073.63], "NASDAQ": [6035.75, "0.25", 14706.23, 20204.58], "RUS2K": [6036.0, "0.26", 1898.24, 2466.49], "Eurostoxx": [6036.0, "0.26", 4380.97, 5121.71], "MSCI Emerging": [42.385, "0.56", 37.48, 47.44], "UK - FTSE": [6036.0, "0.26", 7404.1, 8474.4], "Germany - DAX": [6036.0, "0.26", 16345.02, 20522.82], "France - CAC": [6036.0, "0.26", 7029.91, 8259.19], "Canada - S&P/TSX": [25111.345, "0.15", 20466.5, 25843.2], "Japan - Nikkei": [6036.0, "0.26", 31156.12, 42426.77], "Hong Kong - Hang Seng": [6036.0, "0.26", 14794.16, 23241.74], "South Korea - Kospi": [6035.75, "0.25", 2360.18, 2896.43], "Australia - ASX": [6035.75, "0.25", 7322.0, 8514.5], "China - Shanghai Composite": [6035.75, "0.25", 2635.09, 3674.405], "Brazil - Ibovespa": [6035.75, "0.25", 118404.0, 137469.0], "Russia - MOEX": [6035.75, "0.25", 1681.55, 4292.68], "Belgium - Bel 20": [6035.5, "0.25", 3550.65, 4349.31], "India - BSE SENSEX": [6035.5, "0.25", 70001.6, 85978.25], "WTI Crude": [74.07499999999999, "0.7", 65.27, 87.67], "Brent Crude": [76.94, "0.84", 68.69, 92.18], "Natural Gas": [3.5465, "-3.42", 1.481, 4.201], "Heating Oil": [2.3595, "0.18", 2.0431, 2.9735], "Gold": [2677.55, "1.14", 1984.8, 2789.0], "Silver": [31.0075, "1.39", 21.925, 34.835], "Copper": [4.20925, "1.15", 3.686, 5.1985], "Platinum": [969.9, "4.37", 871.4, 1084.6], "Corn": [453.875, "-0.85", 360.5, 473.25], "Sugar": [19.575, "1.27", 17.52, 24.62], "Wheat": [554.625, "0.25", 512.0, 746.25], "Coffee": [322.29999999999995, "1.16", 175.55, 347.35], "Soybean": [986.625, "-1.12", 936.25, 1258.25], "Cotton": [68.67, "-0.01", 65.3, 107.25], "Cocoa": [11351.0, "-0.23", 4092.0, 12931.0], "Live Cattle": [195.525, "0.17", 169.25, 196.325], "Lean Hogs": [79.7, "0.06", 70.025, 100.1], "3M": [6035.75, "0.25", 4.195, 5.348], "5Y": [6035.75, "0.25", 3.282, 4.988], "10Y": [6035.75, "0.25", 3.345, 4.997], "30Y": [6035.5, "0.25", 3.717, 5.152], "VIX": [6035.5, "0.25", 15.53, 35.05], "Dollar IDX": [6035.5, "0.25", 100.16, 109.53], "DJ Real Estate IDX": [6035.5, "0.25", 353.43, 359.79], "S&P GSCI Commodity IDX": [6035.5, "0.25", 502.45, 606.81], "Bitcoin": [6035.5, "0.25", 38521.895, 108268.445], "AAPL": [245.0, "0.67", 164.08, 260.1], "AMZN": [227.61, "1.53", 148.21, 233.0], "MSFT": [427.85, "1.06", 371.19, 468.35], "GOOG": [197.96, "2.5", 131.55, 202.88], "META": [630.2, "4.23", 355.36, 638.4], "JPM": [240.85, "-0.49", 164.3, 254.31], "XOM": [107.74, "-0.11", 95.77, 126.34], "NVDA": [149.43, "3.43", 51.69, 152.89], "TSLA": [411.05, "0.15", 138.8, 488.54], "Technology": [6035.75, "0.25", 186.89, 241.88], "Financials": [48.599999999999994, "0.02", 36.95, 51.62], "Healthcare": [139.07, "0.08", 135.95, 159.64], "Industrials": [132.905, "0.14", 109.95, 144.51], "Consumer Discretionary": [6035.75, "0.25", 166.48, 240.28], "Consumer Staples": [77.625, "-0.9", 71.56, 84.53], "Energy": [87.595, "0.14", 78.98, 98.97], "Utilities": [76.39, "-0.9", 59.14, 83.41], "Real Estate": [40.28, "-1.37", 35.57, 45.58], "Materials": [83.82, "0.76", 80.74, 97.87], "Telecom": [6036.0, "0.26", 67.08, 112.26], "SPY": [596.0, "0.68", 469.87, 609.07], "VB": [245.5, "0.83", 202.66, 263.35], "VWO": [6036.0, "0.26", 38.83, 49.57], "VPL": [72.28999999999999, "0.98", 67.57, 79.75], "VGK": [6035.5, "0.25", 61.4, 72.08], "VNQ": [88.265, "-1.32", 78.27, 99.58], "JEPI": [57.980000000000004, "0.0", 54.72, 60.88], "SPXL": [176.84500000000003, "2.0", 99.72, 190.34]}