{"USD/EUR": [0.8444, "0", 0.8133387555917039, 0.8607333448097779], "USD/JPY": [109.8555, "-0.12", 102.59, 111.656], "USD/GBP": [0.719, "-0.5", 0.7037, 0.7871], "USD/CAD": [1.2612, "-0.28", 1.2008, 1.342], "USD/CHF": [0.9192, "-0.33", 0.8795, 0.9433], "USD/AUD": [1.3575, "-0.01", 1.2571, 1.4259], "USD/NZD": [1.3991, "0", 1.3446, 1.5323], "USD/SEK": [8.5638, "-0.49", 8.1663, 9.1424], "USD/NOK": [8.5871, "-0.63", 8.2073, 9.5825], "USD/DKK": [6.2803, "-0.26", 6.0475, 6.4084], "USD/MXN": [19.8673, "-0.06", 19.6642, 22.507], "USD/BRL": [5.2179, "0.07", 4.9169, 5.8084], "USD/CNY": [6.44, "-0.18", 6.3518, 6.8325], "USD/SGD": [1.3404, "-0.13", 1.3153, 1.3794], "USD/KRW": [1167.29, "-0.44", 1083.665, 1181.295], "USD/RUB": [72.691, "0.34", 71.541, 80.89], "USD/HKD": [7.7786, "-0.01", 7.749, 7.7944], "USD/ZAR": [14.2018, "0", 13.4925, 17.16], "USD/TRY": [8.4423, "0.16", 6.9549, 8.7758], "USD/INR": [73.5571, "0.02", 72.266, 75.7248], "USD/IDR": [14241.95, "-0.05", 13724.6133, 15041.5], "USD/ARS": [98.2483, "0", 0.0, 0.0], "S&P500": [4468.73, "0.0", 3209.45, 4545.85], "DJIA": [34869.63, "0.0", 26143.77, 35631.19], "NASDAQ": [15105.58, "-0.07", 10519.49, 15403.44], "RUS2K": [2240.78, "0.59", 1432.57, 2360.17], "Eurostoxx": [4193.8, "0.1", 2920.87, 4252.78], "MSCI Emerging": [1301.54, "0.27", 42.29, 58.29], "UK - FTSE": [7059.41, "-0.13", 5525.5, 7224.5], "Germany - DAX": [15745.94, "0.28", 11450.08, 16030.33], "France - CAC": [6662.95, "-0.21", 4512.57, 6913.67], "Canada - S&P/TSX": [20666.41, "0.16", 14783.9, 20759.38], "Japan - Nikkei": [30670.1, "0.73", 22948.47, 30795.78], "Hong Kong - Hang Seng": [25502.23, "-1.21", 23124.25, 31183.36], "South Korea - Kospi": [3148.83, "0.67", 2266.93, 3316.08], "Australia - ASX": [7437.3, "0.16", 5763.2, 7632.8], "China - Shanghai Composite": [3662.6, "-1.42", 3202.34, 3731.69], "Brazil - Ibovespa": [116510.74, "0.09", 1001.0, 99750.0], "Russia - MOEX": [4058.74, "0.44", 2658.49, 4061.13], "Belgium - Bel 20": [4195.94, "0.15", 2998.54, 4362.04], "India - BSE SENSEX": [58247.09, "0.12", 36495.98, 58553.07], "WTI Crude": [71.14, "0.98", 35.79, 74.05], "Brent Crude": [74.13, "0.84", 37.65, 76.18], "Natural Gas": [5.334, "1.97", 1.845, 3.39], "Heating Oil": [2.173, "0.68", 1.085, 2.1623], "Gold": [1800.4, "0.33", 1682.4, 1984.5], "Silver": [23.815, "0.08", 22.79, 29.165], "Copper": [4.3235, "-1.0", 2.864, 4.861], "Platinum": [936.4, "-2.2", 844.4, 1283.2], "Corn": [517.75, "0.88", 363.25, 772.0], "Sugar": [19.65, "-0.2", 11.76, 18.78], "Wheat": [696.75, "1.53", 538.25, 761.0], "Coffee": [186.05, "-0.4", 102.8, 162.35], "Soybean": [1293.75, "0.7", 991.0, 1660.0], "Cotton": [93.12, "0.33", 63.74, 91.37], "Cocoa": [2643.0, "0.23", 2257.0, 2878.0], "Lumber": [607.5, "-0.02", 497.0, 1686.0], "Live Cattle": [122.3, "-0.91", 103.175, 124.025], "Lean Hogs": [81.1, "-1.64", 63.65, 122.95], "Feeder Cattle": [0.0, "0", 132.55, 142.425], "3M": [0.035, "-7.89", 0.003, 3000.0029], "5Y": [0.805, "0", 0.247, 0.988], "10Y": [1.328, "0.3", 0.641, 1.765], "30Y": [1.926, "1.1", 1.39, 2.505], "VIX": [18.73, "-3.3", 14.1, 41.16], "Dollar IDX": [92.64, "0.06", 89.21, 94.74], "DJ Real Estate IDX": [419.28, "0.47", 300.65, 434.54], "S&P GSCI Commodity IDX": [536.09, "0.6", 333.11, 549.51], "Bitcoin": [46426.9, "3.16", 10185.77, 64863.1], "AAPL": [149.55, "0.0", 103.1, 157.26], "AMZN": [3457.17, "-0.35", 2871.0, 3773.08], "MSFT": [296.99, "0.0", 196.25, 305.84], "GOOG": [2869.3, "0.0", 1406.55, 2936.41], "FB": [376.51, "0.0", 244.13, 384.33], "JPM": [159.86, "-0.03", 91.38, 167.44], "XOM": [55.37, "0.0", 31.11, 64.93], "MCD": [241.21, "0.0", 202.73, 247.05], "WMT": [145.06, "0.0", 126.28, 153.66], "Technology": [156.68, "0.0", 109.11, 160.13], "Financials": [38.01, "0.0", 22.94, 39.04], "Healthcare": [132.37, "0.0", 100.31, 137.04], "Industrials": [102.23, "0.26", 74.35, 106.81], "Consumer Discretionary": [183.35, "0.0", 139.03, 185.56], "Consumer Staples": [72.06, "0.0", 61.49, 73.25], "Energy": [49.16, "0.0", 26.98, 56.65], "Utilities": [68.33, "-1.4", 56.72, 70.07], "Real Estate": [47.11, "0.0", 33.71, 48.81], "Materials": [83.99, "-0.31", 60.93, 89.21], "Telecom": [100.43, "0", 0.0, 0.0], "SPY": [446.58, "0.0", 319.8, 454.05], "VB": [223.69, "0.0", 146.88, 229.96], "VWO": [52.7, "0.32", 41.53, 56.66], "VPL": [85.5, "0.0", 0.0, 0.0], "VGK": [69.34, "0.0", 49.17, 70.41], "VNQ": [107.12, "0.0", 75.46, 111.06], "VRP": [26.4, "-0.08", 24.22, 26.5]}